ID,First_Name,Last_Name,Team,Position,Assists,bonus,Total points,xA,CS,Gc,Goals Scored,minutes,red_cards,starts,xG,xGi,xGc,code,PpG
1,Fábio,Ferreira Vieira,1,3,0,0,0,0.00,0,0,0,0,0,0,0.00,0.00,0.00,438098,0.0
2,Gabriel,Fernando de Jesus,1,4,2,6,42,0.52,2,5,3,600,0,6,3.05,3.57,5.82,205651,2.5
3,Gabriel,dos Santos Magalhães,1,2,2,9,117,1.21,10,22,3,2363,0,28,2.70,3.91,23.09,226597,4.2
4,Kai,Havertz,1,4,3,14,97,1.65,7,20,9,1872,0,21,9.53,11.18,19.32,219847,4.2
5,Karl,Hein,1,1,0,0,0,0.00,0,0,0,0,0,0,0.00,0.00,0.00,463748,0.0
6,Jurriën,Timber,1,2,3,9,114,1.30,11,21,1,2415,0,27,1.23,2.53,21.09,445122,3.8
7,Jorge Luiz,Frello Filho,1,3,0,0,20,0.59,2,7,0,701,0,9,0.06,0.65,6.05,85955,1.3
8,Jakub,Kiwior,1,2,0,2,43,0.29,3,15,1,1117,0,10,0.17,0.46,14.71,440854,2.5
9,Gabriel,Martinelli Silva,1,3,4,6,125,4.46,10,25,8,2284,0,25,7.13,11.59,26.22,444145,3.8
10,Reiss,Nelson,1,3,1,2,27,0.96,1,9,1,483,0,5,1.07,2.03,6.13,200641,2.2
11,Eddie,Nketiah,8,4,2,4,53,0.83,2,17,3,1018,1,9,5.94,6.77,14.29,205533,1.8
12,Ethan,Nwaneri,1,3,2,4,66,1.78,4,4,4,882,0,11,1.19,2.97,5.38,499175,2.5
13,Martin,Ødegaard,1,3,9,11,116,6.68,11,21,3,2321,0,26,4.85,11.53,22.16,184029,3.9
14,Aaron,Ramsdale,17,1,0,11,97,0.04,3,66,0,2700,0,30,0.00,0.04,66.34,225321,3.2
15,David,Raya Martín,1,1,0,10,142,0.03,13,34,0,3420,0,38,0.00,0.03,35.03,154561,3.7
16,Declan,Rice,1,3,7,17,127,5.64,11,29,4,2823,1,33,3.51,9.14,27.13,204480,3.6
17,Bukayo,Saka,1,3,11,18,127,7.78,7,21,6,1724,0,20,6.87,14.65,17.72,223340,5.1
18,William,Saliba,1,2,0,14,130,1.28,12,29,2,3039,1,35,2.42,3.70,30.32,462424,3.7
19,Emile,Smith Rowe,10,3,3,15,114,2.04,7,28,6,2036,0,25,4.45,6.49,25.35,209289,3.4
20,Thomas,Partey,1,3,3,8,108,2.64,9,30,4,2793,0,31,2.27,4.91,30.83,167199,3.1
21,Kieran,Tierney,1,2,0,2,27,0.54,1,1,1,250,0,2,0.38,0.92,2.69,192895,2.1
22,Tomiyasu,Takehiro,1,2,0,0,1,0.00,0,0,0,6,0,0,0.18,0.18,0.04,223723,1.0
23,Leandro,Trossard,1,3,8,18,152,4.12,11,27,8,2546,1,28,6.74,10.86,24.76,116216,4.0
24,Benjamin,White,1,2,2,0,50,1.30,5,13,0,1195,0,13,0.46,1.76,16.88,198869,2.9
25,Oleksandr,Zinchenko,1,2,1,2,40,0.52,4,1,0,518,0,5,0.65,1.17,3.21,206325,2.7
26,Álex,Moreno Lopera,2,2,1,1,34,1.10,3,16,0,952,0,11,0.17,1.27,13.94,106468,2.3
27,Cameron,Archer,17,4,0,4,57,0.72,2,34,2,1421,0,13,5.71,6.43,37.31,433979,1.6
28,Leon,Bailey,2,3,2,2,47,2.92,2,19,1,1132,0,14,1.73,4.65,13.91,215711,2.0
29,Ross,Barkley,2,3,1,5,44,0.43,1,10,3,567,0,3,1.79,2.22,6.32,88894,2.2
30,Enzo,Barrenechea,2,3,0,0,0,0.00,0,0,0,0,0,0,0.00,0.00,0.00,491287,0.0
31,Emiliano,Buendía Stati,2,3,0,0,11,0.03,0,2,0,89,0,0,0.65,0.68,2.27,195546,0.9
32,Matty,Cash,2,2,1,2,76,1.23,7,22,1,2069,0,24,0.48,1.71,28.64,199796,2.8
33,Leander,Dendoncker,2,3,0,0,0,0.00,0,0,0,0,0,0,0.00,0.00,0.00,151589,0.0
34,Moussa,Diaby,2,3,0,0,0,0.00,0,0,0,0,0,0,0.00,0.00,0.00,243557,0.0
35,Diego Carlos,Santos Silva,2,2,0,1,21,0.08,2,15,0,828,0,8,0.64,0.72,11.88,165659,2.1
36,Lucas,Digne,2,2,5,7,89,3.97,6,36,0,2348,0,28,0.80,4.77,34.94,101188,2.8
37,Lewis,Dobbin,2,3,0,0,0,0.00,0,0,0,0,0,0,0.00,0.00,0.00,461421,0.0
38,Jhon,Durán,2,4,0,9,53,0.24,2,14,7,622,1,4,5.11,5.35,9.94,476344,2.6
39,Joe,Gauci,2,1,0,0,0,0.00,0,0,0,0,0,0,0.00,0.00,0.00,462492,0.0
40,Kortney,Hause,2,2,0,0,0,0.00,0,0,0,0,0,0,0.00,0.00,0.00,123354,0.0
41,Samuel,Iling-Junior,2,3,0,0,0,0.00,0,0,0,0,0,0,0.00,0.00,0.00,469247,0.0
42,Boubacar,Kamara,2,3,0,3,57,0.83,6,22,1,1720,0,20,0.82,1.65,23.03,226944,2.2
43,Kaine,Kesler-Hayden,2,2,0,0,0,0.00,0,0,0,0,0,0,0.00,0.00,0.00,465390,0.0
44,Ezri,Konsa Ngoyo,2,2,0,10,103,0.61,8,45,2,2936,0,33,1.29,1.90,43.82,199798,3.0
45,Ian,Maatsen,2,2,2,0,57,2.43,3,16,1,1125,0,10,0.87,3.30,17.31,441302,2.0
46,Filip,Marschall,2,1,0,0,0,0.00,0,0,0,0,0,0,0.00,0.00,0.00,462381,0.0
47,Emiliano,Martínez Romero,2,1,0,6,111,0.02,8,47,0,3195,1,37,0.00,0.02,44.99,98980,3.0
48,John,McGinn,2,3,4,1,78,2.70,8,34,1,2217,0,27,3.10,5.80,35.03,122806,2.3
49,Tyrone,Mings,2,2,1,5,47,0.23,4,11,0,1119,0,12,0.88,1.11,13.20,149484,3.4
50,Kosta,Nedeljković,2,2,0,0,5,0.02,0,4,0,121,0,0,0.00,0.02,2.23,578545,1.0
51,Robin,Olsen,2,1,0,0,9,0.00,1,6,0,225,0,1,0.00,0.00,5.50,111782,2.2
52,Pau,Torres,2,2,0,3,55,0.43,5,33,0,2019,0,23,0.51,0.94,29.69,244954,2.3
53,Jacob,Ramsey,2,3,4,3,66,2.18,5,26,1,1616,1,19,1.59,3.77,23.99,232653,2.3
54,Morgan,Rogers,2,3,11,15,161,5.24,10,40,8,3115,0,37,6.49,11.73,43.70,244850,4.4
55,Viljami,Sinisalo,2,1,0,0,0,0.00,0,0,0,0,0,0,0.00,0.00,0.00,248164,0.0
56,Lino,da Cruz Sousa,2,2,0,0,0,0.00,0,0,0,0,0,0,0.00,0.00,0.00,514315,0.0
57,Youri,Tielemans,2,3,7,15,121,5.83,7,46,3,3025,0,35,3.31,9.14,43.87,166989,3.4
58,Ollie,Watkins,2,4,8,32,186,2.07,10,40,16,2593,0,31,15.12,17.19,38.62,178301,4.9
59,Max,Aarons,3,2,0,0,8,0.01,1,0,0,84,0,1,0.00,0.01,0.28,232980,2.7
60,Tyler,Adams,4,3,3,1,58,0.76,6,30,0,1959,0,21,1.33,2.09,29.26,200785,2.1
61,Jaidon,Anthony,3,3,0,0,0,0.00,0,0,0,0,0,0,0.00,0.00,0.00,444180,0.0
62,David,Brooks,4,3,1,2,52,2.02,3,12,2,941,0,9,2.58,4.60,15.03,111317,1.8
63,Ryan,Christie,4,3,3,5,76,2.90,8,28,2,2114,0,27,2.14,5.04,30.17,158499,2.6
64,Lewis,Cook,4,3,4,3,82,3.76,5,44,1,2976,1,32,0.94,4.70,45.25,155408,2.3
65,Enes,Ünal,4,4,1,4,32,0.26,2,3,2,330,0,2,2.73,2.99,6.38,168636,1.9
66,Romain,Faivre,4,3,0,0,0,0.00,0,0,0,0,0,0,0.00,0.00,0.00,441240,0.0
67,Hamed,Traorè,4,3,0,0,0,0.00,0,0,0,0,0,0,0.00,0.00,0.00,424044,0.0
68,James,Hill,4,2,1,0,17,0.25,1,9,0,443,0,6,0.29,0.54,8.54,463981,1.7
69,Daniel,Jebbison,3,4,0,1,20,0.12,0,2,1,105,0,0,1.05,1.17,2.05,523700,1.2
70,Milos,Kerkez,12,2,6,10,134,2.57,9,45,2,3336,0,38,0.60,3.17,48.69,544877,3.5
71,Justin,Kluivert,4,3,6,14,158,3.66,13,29,12,2339,0,29,10.05,13.71,32.60,222683,4.6
72,Chris,Mepham,4,2,0,0,0,0.00,0,0,0,0,0,0,0.00,0.00,0.00,223911,0.0
73,Norberto,Murara Neto,4,1,0,0,7,0.00,0,2,0,180,0,2,0.00,0.00,2.91,69752,3.5
74,Dango,Ouattara,4,3,4,7,111,3.24,7,23,7,1998,0,21,8.42,11.66,31.96,533463,3.5
75,Alex,Paulsen,4,1,0,0,0,0.00,0,0,0,0,0,0,0.00,0.00,0.00,495145,0.0
76,Philip,Billing,4,3,0,0,10,0.97,0,4,0,176,0,1,0.55,1.52,3.35,168991,1.0
77,Alex,Scott,4,3,0,0,26,1.00,3,8,0,745,0,8,0.73,1.73,10.14,503139,1.3
78,Antoine,Semenyo,4,3,7,14,165,4.43,11,41,11,3202,0,36,9.51,13.94,44.18,437730,4.5
79,Marcos,Senesi Barón,4,2,0,3,31,0.48,2,17,0,1103,0,13,0.84,1.32,14.76,221466,1.8
80,Luis,Sinisterra Lucumí,4,3,1,2,23,1.29,0,4,1,229,0,1,1.18,2.47,4.08,224995,1.9
81,Adam,Smith,4,2,0,0,57,0.68,6,18,0,1586,0,19,0.65,1.33,19.04,54469,2.3
82,Dominic,Solanke-Mitchell,18,4,5,7,108,1.13,4,43,9,2199,0,25,10.89,12.02,40.14,154566,4.0
83,Marcus,Tavernier,4,3,7,4,87,3.65,4,29,3,1932,0,20,5.51,9.16,25.42,201658,3.0
84,Mark,Travers,9,1,0,1,19,0.01,1,5,0,450,0,5,0.00,0.01,7.36,229600,3.8
85,Illia,Zabarnyi,4,2,1,8,94,0.76,8,42,0,3109,1,35,1.20,1.96,42.54,477580,2.6
86,Kristoffer,Ajer,5,2,0,0,39,0.48,3,25,0,1433,0,17,0.97,1.45,21.70,191866,1.6
87,Ethan,Brierley,4,3,0,0,0,0.00,0,0,0,0,0,0,0.00,0.00,0.00,494041,0.0
88,Nathan,Collins,5,2,7,11,127,1.57,8,57,2,3420,0,38,2.44,4.01,56.31,432830,3.3
89,Mikkel,Damsgaard,5,3,10,10,131,7.01,11,41,2,2911,0,34,2.91,9.92,45.60,440089,3.4
90,Josh,Dasilva,4,3,0,0,0,0.00,0,0,0,0,0,0,0.00,0.00,0.00,183656,0.0
91,Mark,Flekken,4,1,2,12,138,0.11,7,55,0,3275,0,37,0.00,0.11,54.82,118342,3.7
92,Rico,Henry,5,2,0,0,4,0.01,0,3,0,94,0,0,0.00,0.01,2.16,194010,0.8
93,Aaron,Hickey,5,2,0,0,0,0.00,0,0,0,0,0,0,0.00,0.00,0.00,472713,0.0
94,Vitaly,Janelt,5,3,3,2,73,2.38,6,38,1,2251,0,27,0.83,3.21,37.37,204580,2.3
95,Mathias,Jensen,5,3,2,1,38,1.75,2,17,0,846,0,8,0.23,1.98,16.41,207283,1.6
96,Kim,Ji-soo,5,2,0,0,3,0.00,0,0,0,28,0,0,0.00,0.00,0.32,570241,1.0
97,Yunus Emre,Konak,5,3,0,0,10,0.00,0,2,0,53,0,0,0.15,0.15,1.79,628204,1.0
98,Keane,Lewis-Potter,5,3,5,0,94,4.94,8,49,1,3092,0,36,2.96,7.90,50.62,249231,2.5
99,Bryan,Mbeumo,14,3,9,29,236,9.24,9,55,20,3415,0,38,12.52,21.75,55.40,446008,6.2
100,Ben,Mee,4,2,0,0,9,0.02,1,4,0,180,0,2,0.00,0.02,2.71,51927,1.3
101,Christian,Nørgaard,1,3,5,7,107,1.38,6,45,5,2820,1,34,4.23,5.61,44.54,128295,3.1
102,Frank,Onyeka,5,3,0,0,2,0.02,0,0,0,23,0,0,0.00,0.02,0.69,428580,1.0
103,Myles,Peart-Harris,5,3,0,0,0,0.00,0,0,0,0,0,0,0.00,0.00,0.00,450539,0.0
104,Ethan,Pinnock,5,2,0,0,47,0.64,2,35,2,1912,0,21,1.08,1.72,34.33,231065,2.1
105,Mads,Roerslev Rasmussen,5,2,2,0,36,2.09,2,20,0,1100,0,11,0.20,2.29,21.52,226956,1.9
106,Kevin,Schade,5,3,4,12,149,1.75,10,34,11,2281,0,26,8.45,10.20,30.66,513418,3.9
107,Igor Thiago,Nascimento Rodrigues,5,4,0,0,9,0.04,0,4,0,167,0,1,0.13,0.17,3.54,502500,1.1
108,Ivan,Toney,4,4,0,0,0,0.00,0,0,0,0,0,0,0.00,0.00,0.00,144485,0.0
109,Hákon Rafn,Valdimarsson,5,1,0,0,2,0.00,0,2,0,144,0,1,0.00,0.00,1.49,507433,1.0
110,Yoane,Wissa,5,4,6,32,185,2.20,9,45,18,2921,0,34,18.58,20.77,45.12,216646,5.3
111,Yehor,Yarmoliuk,5,3,0,0,43,0.91,3,25,0,1435,0,15,0.62,1.53,26.43,508395,1.4
112,Mathias,Jorgensen,4,2,0,0,0,0.00,0,0,0,0,0,0,0.00,0.00,0.00,48760,0.0
113,Simon,Adingra,17,3,3,0,60,2.73,2,23,2,1081,0,12,2.47,5.20,18.94,535818,2.1
114,Benicio,Baker-Boaitey,5,3,0,0,0,0.00,0,0,0,0,0,0,0.00,0.00,0.00,475480,0.0
115,Carlos,Baleba,6,3,1,7,87,1.21,8,40,3,2660,1,31,3.10,4.31,39.54,535301,2.6
116,Valentín,Barco,5,2,0,0,0,0.00,0,0,0,0,0,0,0.00,0.00,0.00,543158,0.0
117,Facundo,Buonanotte,6,3,2,6,75,2.29,2,33,5,1508,0,14,4.01,6.30,29.23,536916,2.4
118,Amario,Cozier-Duberry,5,3,0,0,0,0.00,0,0,0,0,0,0,0.00,0.00,0.00,519324,0.0
119,Mahmoud,Dahoud,5,3,0,0,0,0.00,0,0,0,0,0,0,0.00,0.00,0.00,168090,0.0
120,Lewis,Dunk,6,2,1,0,44,1.02,4,42,0,2081,0,23,0.81,1.83,35.69,83299,1.8
121,Julio,Enciso Espínola,6,3,3,5,59,1.32,2,22,2,1155,0,14,2.82,4.14,22.10,474120,2.4
122,Pervis,Estupiñán Tenorio,6,2,1,7,63,2.43,3,44,1,2399,0,26,1.09,3.52,39.85,204214,2.1
123,Evan,Ferguson,6,4,0,2,27,0.65,1,7,1,368,0,3,1.13,1.78,5.65,487117,1.3
124,Billy,Gilmour,5,3,0,0,3,0.04,0,1,0,97,0,1,0.08,0.12,1.32,243568,1.5
125,Pascal,Groß,5,3,0,0,0,0.00,0,0,0,0,0,0,0.00,0.00,0.00,60307,0.0
126,Jack,Hinshelwood,6,3,3,8,89,1.50,6,30,5,1839,0,22,2.74,4.24,30.09,532529,3.4
127,Ibrahim,Osman,5,3,0,0,0,0.00,0,0,0,0,0,0,0.00,0.00,0.00,612855,0.0
128,Igor Julio,dos Santos de Paulo,6,2,0,0,18,0.25,1,17,0,959,0,10,0.05,0.30,17.21,223434,1.4
129,João Pedro,Junqueira de Jesus,7,4,6,26,126,3.10,6,28,10,1946,1,23,8.96,12.06,25.51,475168,4.7
130,Kacper,Kozłowski,5,3,0,0,0,0.00,0,0,0,0,0,0,0.00,0.00,0.00,484658,0.0
131,Tariq,Lamptey,6,2,2,1,42,0.80,2,21,2,856,0,10,0.38,1.18,15.36,232792,2.8
132,Solly,March,6,3,0,0,7,0.32,0,3,0,161,0,1,0.09,0.41,2.82,109345,0.9
133,Adrian,Mazilu,6,3,0,0,0,0.00,0,0,0,0,0,0,0.00,0.00,0.00,550141,0.0
134,James,Milner,6,3,0,0,6,0.15,1,1,0,170,0,3,0.16,0.31,1.98,15157,1.5
135,Yankuba,Minteh,6,3,5,8,102,4.99,4,33,6,1831,0,20,4.13,9.12,28.41,592031,3.2
136,Mitoma,Kaoru,6,3,5,12,145,4.03,6,40,10,2597,0,28,9.19,13.22,37.05,451340,4.0
137,Jakub,Moder,5,3,0,0,4,0.53,0,0,0,9,0,0,0.00,0.53,0.26,243505,1.0
138,Mark,O’Mahony,5,4,0,0,0,0.00,0,0,0,0,0,0,0.00,0.00,0.00,574402,0.0
139,Odeluga,Offiah,5,2,0,0,0,0.00,0,0,0,0,0,0,0.00,0.00,0.00,445548,0.0
140,Cameron,Peupion,5,3,0,0,0,0.00,0,0,0,0,0,0,0.00,0.00,0.00,491598,0.0
141,Jeremy,Sarmiento Morante,6,3,0,0,1,0.00,0,0,0,8,0,0,0.00,0.00,0.00,441192,1.0
142,Jason,Steele,6,1,0,1,9,0.00,1,1,0,180,0,2,0.00,0.00,1.88,49262,4.5
143,Deniz,Undav,5,4,0,0,0,0.00,0,0,0,0,0,0,0.00,0.00,0.00,450434,0.0
144,Jan Paul,van Hecke,6,2,1,7,87,1.41,7,47,1,2960,1,33,1.32,2.73,44.67,469142,2.6
145,Joël,Veltman,6,2,0,7,59,1.31,6,24,0,1694,0,19,0.47,1.78,24.83,111478,2.8
146,Bart,Verbruggen,6,1,1,6,103,0.01,7,58,0,3240,0,36,0.00,0.01,53.10,489639,2.9
147,Adam,Webster,6,2,1,2,39,0.28,4,11,0,885,0,11,0.25,0.53,14.26,110735,2.8
148,Danny,Welbeck,6,4,5,21,125,1.36,7,37,10,2109,0,24,9.58,10.94,37.40,50175,4.2
149,Mats,Wieffer,6,3,5,4,52,1.00,2,22,1,1003,0,10,0.80,1.80,18.89,467779,2.1
150,Andrey,Nascimento dos Santos,7,3,0,0,0,0.00,0,0,0,0,0,0,0.00,0.00,0.00,532605,0.0
151,Ângelo Gabriel,Borges Damaceno,6,3,0,0,0,0.00,0,0,0,0,0,0,0.00,0.00,0.00,518620,0.0
152,Kepa,Arrizabalaga Revuelta,1,1,0,7,106,0.03,8,39,0,2790,0,31,0.06,0.09,38.83,109745,3.4
153,Benoît,Badiashile Mukinayi,7,2,0,0,7,0.08,0,5,0,332,0,3,0.00,0.08,5.34,242880,1.4
154,Lucas,Bergström,6,1,0,0,0,0.00,0,0,0,0,0,0,0.00,0.00,0.00,482158,0.0
155,Marcus,Bettinelli,13,1,0,0,0,0.00,0,0,0,0,0,0,0.00,0.00,0.00,122074,0.0
156,Armando,Broja,8,4,0,0,12,0.11,2,2,0,327,0,4,0.11,0.22,3.82,440323,1.2
157,Moisés,Caicedo Corozo,7,3,4,4,98,2.82,12,42,1,3351,0,38,0.81,3.63,45.42,486672,2.6
158,Cesare,Casadei,6,3,0,0,0,0.00,0,0,0,0,0,0,0.00,0.00,0.00,505187,0.0
159,Trevoh,Chalobah,7,2,1,11,93,0.64,6,25,3,1969,0,23,1.98,2.62,27.15,180736,3.7
160,Ben,Chilwell,7,2,0,0,13,0.88,0,4,1,254,0,1,0.25,1.13,2.84,172850,1.6
161,Carney,Chukwuemeka,6,3,0,0,0,0.00,0,0,0,0,0,0,0.00,0.00,0.00,478912,0.0
162,Levi,Samuels Colwill,7,2,1,6,109,1.31,10,41,2,3150,0,35,1.92,3.23,43.52,460028,3.1
163,Marc,Cucurella Saseta,7,2,2,14,133,2.39,9,38,5,2988,1,33,2.79,5.18,39.94,179268,3.7
164,David Datro,Fofana,6,4,0,0,0,0.00,0,0,0,0,0,0,0.00,0.00,0.00,520295,0.0
165,Deivid Washington,de Souza Eugênio,6,4,0,0,0,0.00,0,0,0,0,0,0,0.00,0.00,0.00,617054,0.0
166,Kiernan,Dewsbury-Hall,7,3,1,1,18,0.22,0,3,0,257,0,2,0.22,0.44,3.88,215413,1.4
167,Axel,Disasi,2,2,0,0,33,0.37,3,12,1,851,0,9,0.37,0.74,16.70,220362,2.5
168,Enzo,Fernández,7,3,8,11,135,6.11,10,37,6,2943,0,32,6.23,12.34,38.06,448047,3.8
169,Conor,Gallagher,6,3,0,0,0,0.00,0,0,0,0,0,0,0.00,0.00,0.00,232787,0.0
170,Alfie,Gilchrist,6,2,0,0,0,0.00,0,0,0,0,0,0,0.00,0.00,0.00,514280,0.0
171,Malo,Gusto,7,2,1,2,60,1.91,4,26,0,1853,0,19,1.44,3.35,27.43,482609,1.9
172,Reece,James,7,2,2,5,54,1.15,3,14,1,1057,0,12,0.45,1.60,16.10,225796,2.8
173,Omari,Kellyman,6,3,0,0,0,0.00,0,0,0,0,0,0,0.00,0.00,0.00,549068,0.0
174,Roméo,Lavia,7,3,1,0,26,0.38,3,11,0,792,0,11,0.25,0.63,14.33,514356,1.6
175,Romelu,Lukaku Bolingoli,6,4,0,0,0,0.00,0,0,0,0,0,0,0.00,0.00,0.00,66749,0.0
176,Malang,Sarr,6,2,0,0,0,0.00,0,0,0,0,0,0,0.00,0.00,0.00,204727,0.0
177,Noni,Madueke,1,3,5,12,120,2.86,6,28,7,2028,0,27,9.62,12.48,29.55,248857,3.8
178,Marc,Guiu Paz,7,4,0,0,3,0.02,0,2,0,71,0,0,0.00,0.02,1.46,499309,1.0
179,Mykhailo,Mudryk,7,3,0,0,7,0.66,0,2,0,145,0,1,0.24,0.90,3.28,465920,1.0
180,Nicolas,Jackson,7,4,6,17,121,1.90,11,24,10,2220,1,28,11.68,13.58,28.47,517052,4.0
181,Christopher,Nkunku,7,3,2,5,60,1.01,2,16,3,904,0,9,5.11,6.12,16.25,213198,2.2
182,Cole,Palmer,7,3,10,35,214,9.53,10,41,15,3193,0,36,16.79,26.32,43.88,244851,5.8
183,Đorđe,Petrović,4,1,0,0,0,0.00,0,0,0,0,0,0,0.00,0.00,0.00,457569,0.0
184,Renato,Palma Veiga,6,3,0,0,7,0.15,1,2,0,176,0,1,0.16,0.31,3.17,551230,1.0
185,Robert,Lynch Sánchez,7,1,0,11,126,0.02,10,34,0,2880,0,32,0.00,0.02,38.55,215059,3.9
186,Raheem,Sterling,1,3,2,0,26,0.48,1,4,0,490,0,7,1.43,1.91,4.33,103955,1.5
187,Tosin,Adarabioyo,7,2,1,7,71,0.23,7,14,1,1403,0,15,0.93,1.16,19.62,109646,3.2
188,Lesley,Ugochukwu,17,3,1,3,47,0.62,1,39,1,1652,0,18,0.85,1.47,40.28,503714,1.8
189,Wesley,Fofana,7,2,0,2,26,0.18,2,13,0,1172,0,14,0.44,0.62,14.76,444463,1.9
190,Naouirou,Ahamada,8,3,0,0,0,0.00,0,0,0,0,0,0,0.00,0.00,0.00,466117,0.0
191,Joachim,Andersen,10,2,0,3,51,0.57,4,47,0,2673,1,30,1.04,1.61,37.85,174874,1.7
192,Jordan,Ayew,11,3,0,3,75,1.50,4,42,5,1649,0,19,3.72,5.22,30.33,80146,2.4
193,Cheick,Doucouré,8,3,1,0,19,0.11,1,6,0,443,0,4,0.40,0.51,7.53,438464,1.5
194,Chris,Richards,8,2,1,2,68,0.60,7,31,1,1921,1,22,1.33,1.93,29.78,427623,2.8
195,Chadi,Riad Dnanou,8,2,0,0,1,0.02,0,2,0,90,0,1,0.00,0.02,1.39,515621,1.0
196,Nathaniel,Clyne,8,2,0,0,18,0.24,1,11,0,477,0,5,0.02,0.26,10.11,57328,1.4
197,Malcolm,Ebiowei,8,3,0,0,0,0.00,0,0,0,0,0,0,0.00,0.00,0.00,450535,0.0
198,Odsonne,Édouard,8,4,0,0,7,0.07,0,3,0,141,0,1,0.39,0.46,3.72,199670,1.2
199,Eberechi,Eze,8,3,8,15,148,4.67,10,34,8,2588,0,31,10.39,15.06,35.03,232413,4.4
200,Marc,Guéhi,8,2,2,11,116,2.01,11,42,3,3059,1,34,1.87,3.88,41.55,209036,3.4
201,Dean,Henderson,8,1,0,8,135,0.02,11,51,0,3420,0,38,0.01,0.03,50.33,172649,3.6
202,Rob,Holding,8,2,0,0,0,0.00,0,0,0,0,0,0,0.00,0.00,0.00,156074,0.0
203,Will,Hughes,8,3,4,3,67,2.64,10,31,0,2100,0,24,1.09,3.73,31.64,108413,2.0
204,Sam,Johnstone,20,1,0,0,12,0.00,0,17,0,630,0,7,0.00,0.00,12.98,101982,1.7
205,Daichi,Kamada,8,3,0,0,45,1.55,3,27,0,1545,1,15,1.12,2.67,25.74,209400,1.3
206,Jefferson,Lerma Solís,8,3,1,2,58,1.75,6,36,0,2270,0,26,1.07,2.82,33.55,152551,1.8
207,Jean-Philippe,Mateta,8,4,2,27,150,2.28,9,37,14,2642,0,33,13.77,16.05,37.94,231747,4.1
208,Matheus,França de Oliveira,8,3,0,0,9,0.18,0,0,1,52,0,0,0.28,0.46,0.40,536694,2.2
209,Remi,Matthews,8,1,0,0,0,0.00,0,0,0,0,0,0,0.00,0.00,0.00,169593,0.0
210,Tyrick,Mitchell,8,2,6,4,123,3.67,12,46,0,3090,0,37,1.31,4.98,46.45,244723,3.3
211,Daniel,Muñoz Mejía,8,2,6,9,142,3.46,11,46,4,3229,0,37,4.92,8.38,46.30,247348,3.8
212,David,Ozoh,8,3,0,0,0,0.00,0,0,0,0,0,0,0.00,0.00,0.00,531989,0.0
213,Jesurun,Rak-Sakyi,8,3,0,0,0,0.00,0,0,0,0,0,0,0.00,0.00,0.00,450542,0.0
214,Jeffrey,Schlupp,7,3,0,0,12,0.14,0,3,0,95,0,0,0.17,0.31,1.53,86417,1.0
215,Joel,Ward,7,2,0,0,1,0.01,0,2,0,71,0,1,0.00,0.01,1.57,55494,0.5
216,Adam,Wharton,8,3,2,0,42,2.17,4,21,0,1314,0,16,0.38,2.55,19.34,496221,2.1
217,Abdoulaye,Doucouré,8,3,2,5,94,1.41,11,33,3,2563,1,31,4.15,5.56,34.38,121599,2.8
218,Norberto Bercique,Gomes Betuncal,9,4,0,11,87,0.44,4,24,8,1521,0,15,7.89,8.33,18.80,486385,2.9
219,Jarrad,Branthwaite,9,2,1,3,88,0.61,9,28,0,2509,0,28,1.20,1.81,29.83,480455,2.9
220,Dominic,Calvert-Lewin,8,4,2,3,63,0.63,8,18,3,1602,0,19,6.53,7.16,24.83,177815,2.4
221,Séamus,Coleman,9,2,0,0,5,0.03,0,4,0,214,0,3,0.62,0.65,4.45,59949,1.0
222,Idrissa Gana,Gueye,9,3,3,5,89,1.99,12,39,0,3063,0,35,1.15,3.14,39.88,80801,2.4
223,James,Garner,9,3,1,0,42,1.37,5,19,0,1590,0,17,0.67,2.04,19.71,232928,2.0
224,Jack,Harrison,11,3,3,4,81,3.12,7,27,1,2068,0,24,3.54,6.66,31.23,221399,2.4
225,Mason,Holgate,8,2,0,0,1,0.00,0,1,0,5,0,0,0.00,0.00,0.07,194164,1.0
226,Tim,Iroegbunam,9,3,1,0,22,0.14,0,16,0,562,0,5,0.23,0.37,12.25,490094,1.2
227,João,Neves Virgínia,8,1,0,0,0,0.00,0,0,0,0,0,0,0.00,0.00,0.00,222627,0.0
228,Michael,Keane,9,2,0,4,48,0.02,3,20,3,1046,0,11,0.61,0.63,19.16,106611,3.4
229,Neal,Maupay,8,4,0,0,0,0.00,0,0,0,0,0,0,0.00,0.00,0.00,115382,0.0
230,Dwight,McNeil,9,3,8,9,93,4.49,5,24,4,1366,0,15,1.05,5.53,21.12,433154,4.4
231,Vitalii,Mykolenko,9,2,3,9,121,2.12,11,39,1,3082,0,35,0.48,2.60,39.81,224967,3.5
232,Iliman,Ndiaye,9,4,0,21,114,1.36,15,24,9,2426,0,29,6.23,7.59,29.01,440993,3.5
233,Amadou,Onana,2,3,0,5,65,0.84,6,23,3,1613,0,20,2.12,2.96,23.66,449871,2.5
234,Nathan,Patterson,9,2,1,0,14,0.38,0,6,0,342,0,3,0.07,0.45,4.48,243571,1.4
235,Jordan,Pickford,9,1,1,15,158,0.22,12,44,0,3420,0,38,0.00,0.22,46.11,111234,4.2
236,James,Tarkowski,9,2,1,8,105,2.33,10,38,1,2922,0,33,1.32,3.65,39.30,17761,3.2
237,Youssef,Ramalho Chermiti,9,4,0,0,3,0.00,0,0,0,42,0,0,0.11,0.11,0.47,491012,0.8
238,Ashley,Young,8,2,4,9,98,2.87,9,23,1,1864,1,19,0.27,3.14,26.17,18892,3.1
239,Adama,Traoré Diarra,10,3,8,8,95,4.61,3,28,2,1756,0,18,4.11,8.72,25.17,159533,2.6
240,Andreas,Hoelgebaum Pereira,10,3,6,2,81,4.63,5,32,2,2004,0,25,4.24,8.87,27.35,156689,2.5
241,Calvin,Bassey,10,2,0,0,75,0.42,5,47,1,3074,0,34,1.02,1.44,39.22,232892,2.1
242,Steven,Benda,10,1,0,0,0,0.00,0,0,0,0,0,0,0.00,0.00,0.00,428971,0.0
243,Tom,Cairney,10,3,0,0,33,1.14,1,12,2,610,1,3,0.73,1.87,9.59,76357,1.3
244,Timothy,Castagne,10,2,1,0,46,0.56,3,28,0,1642,0,17,0.38,0.94,22.39,166477,1.9
245,Issa,Diop,10,2,0,0,31,0.07,1,19,0,1334,0,15,0.51,0.58,19.98,219924,1.5
246,Luke,Harris,10,3,0,0,0,0.00,0,0,0,0,0,0,0.00,0.00,0.00,515024,0.0
247,Alex,Iwobi,10,3,6,16,156,6.90,6,45,9,2981,0,35,4.33,11.23,38.06,153133,4.1
248,Bernd,Leno,10,1,2,5,115,0.03,5,54,0,3420,0,38,0.00,0.03,47.75,80201,3.0
249,Saša,Lukić,10,3,2,1,56,1.40,4,37,0,2348,0,28,1.16,2.56,33.02,212314,1.9
250,Kevin,Mbabu,9,2,0,0,0,0.00,0,0,0,0,0,0,0.00,0.00,0.00,120721,0.0
251,Rodrigo,Muniz Carvalho,10,4,1,14,86,0.20,2,17,8,943,0,8,5.91,6.11,15.28,244042,2.8
252,Raúl,Jiménez Rodríguez,10,4,3,26,147,2.07,7,37,12,2486,0,30,11.97,14.04,33.49,102057,3.9
253,Tim,Ream,9,2,0,0,0,0.00,0,0,0,0,0,0,0.00,0.00,0.00,82514,0.0
254,Harrison,Reed,10,3,0,0,10,0.09,0,3,0,100,0,0,0.23,0.32,4.62,153366,0.8
255,Antonee,Robinson,10,2,10,8,106,4.17,5,49,0,3166,0,35,0.70,4.87,44.79,169528,2.9
256,Jay,Stansfield,9,4,0,0,1,0.00,0,0,0,1,0,0,0.00,0.00,0.67,490146,1.0
257,Kenny,Tete,10,2,2,0,49,0.65,3,26,0,1773,0,21,1.37,2.02,25.50,167074,2.2
258,Carlos Vinícius,Alves Morais,9,4,0,0,3,0.00,0,1,0,13,0,0,0.06,0.06,0.11,245824,1.0
259,Harry,Wilson,10,3,2,6,78,1.17,2,21,6,1148,0,12,4.19,5.36,16.22,153682,3.1
260,Ali,Al-Hamadi,10,4,0,0,8,0.04,0,5,0,125,0,0,0.35,0.39,3.84,462387,0.7
261,Elkan,Baggott,10,2,0,0,0,0.00,0,0,0,0,0,0,0.00,0.00,0.00,517178,0.0
262,Nathan,Broadhead,10,3,0,1,37,1.05,2,12,2,690,0,7,1.74,2.79,11.72,173818,2.1
263,Cameron,Burgess,10,2,2,0,26,0.34,0,37,0,1540,0,16,1.08,1.42,35.17,122411,1.4
264,Wes,Burns,10,3,1,0,30,1.17,1,23,0,922,0,12,0.50,1.67,23.62,149929,1.7
265,Conor,Chaplin,10,3,2,0,41,0.61,1,19,1,845,0,10,1.52,2.13,17.93,196411,1.9
266,Harry,Clarke,10,2,0,0,1,0.10,0,10,0,377,1,4,0.08,0.18,9.10,232228,0.1
267,Leif,Davis,10,2,2,5,52,4.74,2,71,1,2742,1,32,0.98,5.72,60.70,455084,1.6
268,Liam,Delap,7,4,2,22,132,1.38,3,58,12,2587,0,32,9.44,10.82,53.60,463034,3.6
269,George,Edmundson,10,2,0,0,1,0.00,0,0,0,1,0,0,0.00,0.00,0.00,214964,1.0
270,Jacob,Greaves,10,2,0,0,37,0.21,2,53,1,2205,0,25,1.31,1.52,45.51,449429,1.5
271,Marcus,Myers-Harness,10,3,0,0,2,0.05,0,2,0,43,0,0,0.00,0.05,1.36,167191,1.0
272,George,Hirst,10,4,1,3,46,0.24,0,16,3,645,0,5,2.14,2.38,15.41,222625,1.8
273,Cameron,Humphreys,10,3,0,0,0,0.00,0,0,0,0,0,0,0.00,0.00,0.00,524180,0.0
274,Omari,Giraud-Hutchinson,10,3,3,6,88,2.46,3,61,3,2585,0,30,2.93,5.39,51.04,503301,2.8
275,Ben,Johnson,10,2,2,2,30,0.83,0,39,1,1346,1,14,1.06,1.89,37.89,222018,1.3
276,Freddie,Ladapo,10,4,0,0,0,0.00,0,0,0,0,0,0,0.00,0.00,0.00,94926,0.0
277,Massimo,Luongo,10,3,0,0,13,0.01,0,6,0,195,0,2,0.00,0.01,6.84,106606,1.2
278,Sam,Morsy,10,3,1,5,67,1.51,2,67,1,2749,0,31,0.45,1.96,58.21,74944,2.0
279,Corrie,Ndaba,10,2,0,0,0,0.00,0,0,0,0,0,0,0.00,0.00,0.00,246265,0.0
280,Cieran,Slicker,10,1,0,0,0,0.00,0,0,0,0,0,0,0.00,0.00,0.00,434044,0.0
281,Jack,Taylor,10,3,0,1,38,0.77,0,21,1,837,0,4,0.75,1.52,16.28,231899,1.2
282,Axel,Tuanzebe,3,2,1,0,27,0.26,1,38,0,1710,1,20,0.21,0.47,32.01,180804,1.2
283,Christian,Walton,10,1,0,2,16,0.00,1,19,0,630,0,7,0.00,0.00,13.88,108813,2.3
284,Luke,Woolfenden,10,2,0,0,18,0.02,1,28,0,1187,0,12,0.03,0.05,26.46,220583,1.2
285,Boubakary,Soumaré,11,3,0,0,48,0.94,1,52,0,2165,0,25,0.29,1.23,46.48,225902,1.5
286,Tom,Cannon,11,4,0,0,0,0.00,0,0,0,0,0,0,0.00,0.00,0.00,461416,0.0
287,Hamza,Choudhury,11,3,0,0,4,0.19,0,5,0,129,0,1,0.00,0.19,5.28,197469,1.0
288,Conor,Coady,11,2,0,3,39,0.48,2,42,1,1712,0,19,0.52,1.00,38.75,94147,1.8
289,Patson,Daka,11,4,0,2,34,0.06,1,16,1,717,0,6,1.25,1.31,17.37,245419,1.5
290,Bobby,De Cordova-Reid,11,3,4,2,48,0.14,1,17,1,734,0,9,0.79,0.93,14.61,96994,2.1
291,Wout,Faes,11,2,0,2,55,0.40,3,63,1,2812,0,30,1.52,1.92,58.54,218218,1.6
292,Michael,Golding,11,3,0,0,1,0.00,0,0,0,1,0,0,0.00,0.00,0.00,549640,1.0
293,Mads,Hermansen,11,1,0,1,63,0.02,1,58,0,2385,0,27,0.00,0.02,55.09,467189,2.3
294,Daniel,Iversen,11,1,0,0,0,0.00,0,0,0,0,0,0,0.00,0.00,0.00,207270,0.0
295,James,Justin,11,2,2,6,70,0.80,3,68,2,2912,0,34,1.47,2.27,63.68,220627,1.9
296,Victor,Kristiansen,11,2,1,0,34,1.74,1,62,0,2481,0,29,0.13,1.87,54.38,481510,1.1
297,Wanya,Marçal-Madivádua,11,3,0,0,0,0.00,0,0,0,0,0,0,0.00,0.00,0.00,461584,0.0
298,Stephy,Mavididi,11,3,1,5,72,3.25,1,38,4,1606,0,16,1.85,5.10,36.71,154048,2.4
299,Kasey,McAteer,11,3,1,0,35,0.63,3,16,1,846,0,9,0.99,1.62,20.07,461587,1.9
300,Wilfred,Ndidi,11,3,5,1,64,1.53,3,48,0,2325,0,28,2.12,3.65,49.32,203341,2.3
301,Caleb,Okoli,11,2,0,1,27,0.17,1,26,1,1122,0,12,0.62,0.79,27.72,473341,1.4
302,Ricardo,Barbosa Pereira,11,2,0,0,10,0.07,0,8,0,382,0,4,0.09,0.16,7.12,111931,1.0
303,Harry,Souttar,11,2,0,0,0,0.00,0,0,0,0,0,0,0.00,0.00,0.00,194190,0.0
304,Jakub,Stolarczyk,11,1,0,0,25,0.00,2,16,0,900,0,10,0.00,0.00,14.83,436680,2.5
305,Luke,Thomas,11,2,0,0,27,0.49,3,23,0,1109,0,13,0.36,0.85,25.08,244619,1.9
306,Jamie,Vardy,11,4,5,18,128,2.55,4,68,9,2825,0,35,11.23,13.78,63.10,101668,3.7
307,Jannik,Vestergaard,11,2,0,0,11,0.08,0,35,0,1390,0,16,0.11,0.19,25.05,93100,0.6
308,Danny,Ward,11,1,0,0,2,0.00,0,6,0,135,0,1,0.00,0.00,3.35,95463,1.0
309,Harry,Winks,11,3,2,0,40,1.53,0,34,0,1536,0,17,0.23,1.76,29.48,157668,1.8
310,Alisson,Becker,12,1,0,9,112,0.20,10,29,0,2508,0,28,0.00,0.20,27.10,116535,4.0
311,Trent,Alexander-Arnold,12,2,7,13,148,7.20,12,25,3,2362,0,28,1.81,9.01,21.67,169187,4.5
312,Stefan,Bajčetić Maquieira,12,3,0,0,0,0.00,0,0,0,0,0,0,0.00,0.00,0.00,535928,0.0
313,Conor,Bradley,12,2,2,3,41,1.43,3,10,0,744,0,7,0.70,2.13,12.40,492777,2.2
314,Fábio,Freitas Gouveia Carvalho,5,3,1,1,35,0.54,0,14,2,443,0,3,2.49,3.03,11.46,244858,1.8
315,Bobby,Clark,12,3,0,0,0,0.00,0,0,0,0,0,0,0.00,0.00,0.00,491970,0.0
316,Darwin,Núñez Ribeiro,12,4,3,6,66,0.51,2,21,5,1113,0,8,5.76,6.27,16.85,447203,2.2
317,Diogo,Teixeira da Silva,12,3,4,4,87,1.09,7,12,6,1182,0,14,7.98,9.07,11.75,194634,3.3
318,Ben,Doak,12,3,0,0,0,0.00,0,0,0,0,0,0,0.00,0.00,0.00,496208,0.0
319,Harvey,Elliott,12,3,2,3,33,0.64,0,6,1,359,0,2,1.78,2.42,6.14,444884,1.8
320,Endo,Wataru,12,3,0,0,21,0.09,0,5,0,259,0,1,0.00,0.09,4.25,158983,1.1
321,Cody,Gakpo,12,4,5,22,127,3.76,5,25,10,1921,0,23,7.12,10.87,21.51,243298,3.6
322,Joe,Gomez,12,2,0,0,14,0.09,1,8,0,517,0,6,0.33,0.42,5.38,171287,1.6
323,Ryan,Gravenberch,12,3,4,1,92,3.50,14,35,0,3160,1,37,1.13,4.63,33.06,441266,2.5
324,Curtis,Jones,12,3,5,4,87,1.46,6,27,3,1702,1,19,4.34,5.80,23.35,206915,2.6
325,Caoimhín,Kelleher,5,1,0,1,45,0.00,4,12,0,900,0,10,0.00,0.00,11.09,200720,4.5
326,Ibrahima,Konaté,12,2,2,4,106,0.91,11,28,1,2561,0,30,1.80,2.71,26.67,204716,3.4
327,Luis,Díaz Marulanda,12,3,7,21,183,4.34,15,21,13,2393,0,28,11.90,16.24,24.44,244731,5.1
328,Mohamed,Salah,12,3,18,55,344,8.99,15,40,29,3374,0,38,24.70,33.69,37.83,118748,9.1
329,Alexis,Mac Allister,12,3,6,8,122,5.57,14,24,5,2597,0,30,2.89,8.46,24.21,243016,3.5
330,James,McConnell,12,3,0,0,0,0.00,0,0,0,0,0,0,0.00,0.00,0.00,491501,0.0
331,Tyler,Morton,12,3,0,0,0,0.00,0,0,0,0,0,0,0.00,0.00,0.00,440148,0.0
332,Nathaniel,Phillips,12,2,0,0,0,0.00,0,0,0,0,0,0,0.00,0.00,0.00,197464,0.0
333,Jarell,Quansah,12,2,0,0,9,0.18,0,12,0,488,0,4,0.10,0.28,10.38,441428,0.7
334,Rhys,Williams,12,2,0,0,0,0.00,0,0,0,0,0,0,0.00,0.00,0.00,219937,0.0
335,Andrew,Robertson,12,2,1,4,91,4.27,10,32,0,2479,1,29,1.12,5.39,26.90,122798,2.8
336,Dominik,Szoboszlai,12,3,10,14,143,6.06,12,29,6,2485,0,29,6.94,13.00,26.78,424876,4.0
337,Konstantinos,Tsimikas,12,2,1,3,43,2.32,4,8,0,829,0,9,0.39,2.71,9.03,214285,2.4
338,Sepp,van den Berg,5,2,1,1,62,0.52,5,49,0,2584,0,29,2.09,2.61,44.61,444765,2.0
339,Virgil,van Dijk,12,2,1,8,143,0.98,14,38,3,3330,0,37,2.22,3.20,36.13,97032,3.9
340,Manuel,Akanji,13,2,0,1,61,1.30,6,28,0,2012,0,23,1.57,2.87,29.72,211975,2.3
341,Nathan,Aké,13,2,0,0,25,0.17,3,11,0,677,0,8,0.22,0.39,13.44,126184,2.5
342,Bernardo,Mota Veiga de Carvalho e Silva,13,3,4,13,110,4.56,10,36,4,2667,0,29,3.84,8.40,39.68,165809,3.3
343,Oscar,Bobb,13,3,0,0,3,0.02,0,1,0,14,0,0,0.00,0.02,0.47,477555,1.0
344,Scott,Carson,13,1,0,0,0,0.00,0,0,0,0,0,0,0.00,0.00,0.00,17601,0.0
345,Kevin,De Bruyne,13,3,9,12,114,6.75,10,19,4,1694,0,19,5.17,11.92,21.47,61366,4.1
346,Jérémy,Doku,13,3,6,3,88,3.81,8,14,3,1506,0,16,1.32,5.13,15.18,248875,3.0
347,Ederson,Santana de Moraes,13,1,4,9,111,0.16,10,26,0,2320,0,26,0.00,0.16,29.50,121160,4.3
348,Phil,Foden,13,3,3,10,105,5.33,6,24,7,1771,0,20,5.17,10.49,29.11,209244,3.8
349,Jack,Grealish,13,3,1,4,38,1.67,2,10,1,710,0,7,1.13,2.80,11.33,114283,1.9
350,Joško,Gvardiol,13,2,0,15,153,2.92,13,41,5,3278,0,36,4.60,7.52,44.27,477424,4.1
351,Erling,Haaland,13,4,3,26,181,2.04,10,38,22,2736,0,31,21.90,23.94,41.27,223094,5.8
352,Julián,Álvarez,13,4,0,0,0,0.00,0,0,0,0,0,0,0.00,0.00,0.00,461358,0.0
353,João,Cavaco Cancelo,13,2,0,0,0,0.00,0,0,0,0,0,0,0.00,0.00,0.00,121145,0.0
354,Mateo,Kovačić,13,3,3,13,109,3.21,10,29,6,2194,1,25,1.91,5.11,31.50,91651,3.5
355,Rico,Lewis,13,2,2,1,66,1.01,5,27,1,1888,1,21,1.32,2.33,27.60,477064,2.4
356,Matheus,Nunes,13,3,7,6,81,3.32,9,19,1,1670,0,19,1.11,4.43,24.87,465351,3.1
357,James,McAtee,13,3,0,0,31,0.80,0,6,3,340,0,3,2.80,3.60,5.25,432714,2.1
358,Stefan,Ortega Moreno,13,1,0,0,35,0.00,3,18,0,1099,0,12,0.00,0.00,19.12,88248,2.7
359,Kalvin,Phillips,13,3,0,0,27,0.46,1,30,0,1231,1,14,0.45,0.91,27.21,155405,1.4
360,Rodrigo 'Rodri',Hernandez Cascante,13,3,0,0,3,0.09,0,1,0,72,0,1,0.00,0.09,0.33,220566,1.0
361,Rúben,dos Santos Gato Alves Dias,13,2,0,7,90,1.20,11,21,0,2269,0,25,1.54,2.74,29.48,171314,3.3
362,John,Stones,13,2,0,2,29,0.17,1,11,2,544,0,6,0.60,0.77,5.95,97299,2.6
363,Kyle,Walker,3,2,0,0,13,1.34,0,21,0,966,0,9,0.12,1.46,19.26,58621,0.9
364,Amad,Diallo,14,3,8,17,129,3.98,7,30,8,1898,0,20,4.71,8.69,31.71,493250,5.0
365,Antony,dos Santos,14,3,0,0,8,0.21,0,2,0,135,0,0,0.60,0.81,2.05,467169,1.0
366,Bruno,Borges Fernandes,14,3,12,28,174,7.89,10,47,8,3017,2,35,9.93,17.82,45.85,141746,4.8
367,Altay,Bayındır,14,1,0,0,8,0.00,1,10,0,360,0,4,0.00,0.00,6.93,451302,2.0
368,Carlos Henrique,Casimiro,14,3,0,3,48,1.99,6,20,1,1489,0,18,1.80,3.79,24.00,61256,2.0
369,Diogo,Dalot Teixeira,14,2,4,9,95,2.35,8,45,0,2812,0,31,1.96,4.31,46.95,216051,2.9
370,Christian,Eriksen,14,3,2,0,45,2.60,4,16,1,1052,0,11,1.31,3.91,18.54,80607,2.0
371,Jonny,Evans,14,2,0,3,15,0.02,1,2,0,312,0,3,0.11,0.13,2.96,37642,2.1
372,Alejandro,Garnacho Ferreyra,14,3,4,7,106,2.76,5,36,6,2188,0,23,7.40,10.16,35.43,493105,2.9
373,Hannibal,Mejbri,3,3,0,0,0,0.00,0,0,0,0,0,0,0.00,0.00,0.00,465527,0.0
374,Tom,Heaton,14,1,0,0,0,0.00,0,0,0,0,0,0,0.00,0.00,0.00,21205,0.0
375,Rasmus,Højlund,14,4,1,8,78,1.14,6,31,4,1998,0,23,5.10,6.24,30.44,497894,2.4
376,Victor,Lindelöf,14,2,0,0,27,0.09,2,9,0,695,0,6,0.00,0.09,8.59,184667,1.7
377,Harry,Maguire,14,2,0,3,48,0.25,3,27,1,1751,0,19,1.82,2.07,26.83,95658,1.8
378,Kobbie,Mainoo,14,3,0,0,42,1.78,5,27,0,1646,0,19,0.84,2.62,25.23,516895,1.7
379,Tyrell,Malacia,14,2,0,0,2,0.02,0,1,0,99,0,2,0.00,0.02,0.78,222690,0.7
380,Lisandro,Martínez,14,2,1,5,68,1.21,6,27,2,1751,0,20,1.33,2.54,30.17,221820,3.4
381,Scott,McTominay,14,3,0,0,2,0.00,0,1,0,17,0,0,0.07,0.07,0.66,195851,1.0
382,Mason,Mount,14,3,0,0,25,0.57,3,11,1,613,0,8,3.37,3.94,8.24,184341,1.5
383,André,Onana,14,1,0,8,120,0.20,9,44,0,3060,0,34,0.00,0.20,47.79,202641,3.5
384,Facundo,Pellistri Rebollo,14,3,0,0,0,0.00,0,0,0,0,0,0,0.00,0.00,0.00,488404,0.0
385,Marcus,Rashford,14,3,4,9,95,3.43,7,15,6,1414,0,16,4.67,8.10,21.68,176297,3.8
386,Jadon,Sancho,14,3,5,3,86,3.10,7,24,3,1754,0,19,2.13,5.23,23.66,209243,2.8
387,Luke,Shaw,14,2,0,0,5,0.77,0,5,0,346,0,4,0.03,0.80,3.81,106760,0.7
388,Aaron,Wan-Bissaka,19,2,6,15,118,2.75,6,59,2,3154,0,35,1.18,3.93,56.95,214590,3.3
389,Joshua,Zirkzee,14,4,2,6,64,1.04,3,24,3,1385,0,14,4.64,5.68,24.84,458249,2.0
390,Alex,Murphy,15,2,0,0,0,0.00,0,0,0,0,0,0,0.00,0.00,0.00,545477,0.0
391,Miguel,Almirón Rejala,15,3,0,0,10,0.19,0,3,0,150,0,1,0.52,0.71,3.67,179018,1.1
392,Harvey,Barnes,15,3,5,13,130,4.40,6,23,9,1746,0,17,6.45,10.85,24.32,201666,3.9
393,Sven,Botman,15,2,0,0,18,0.22,2,4,0,412,0,6,0.59,0.81,5.07,220237,2.2
394,Bruno,Guimarães Rodriguez Moura,15,3,6,10,135,5.32,13,44,5,3273,0,38,4.34,9.66,43.41,208706,3.6
395,Dan,Burn,15,2,1,9,115,1.09,13,45,1,3330,0,37,1.97,3.06,45.22,78916,3.1
396,Martin,Dúbravka,15,1,0,2,44,0.00,5,12,0,900,0,10,0.00,0.00,11.19,67089,4.4
397,Ryan,Fraser,17,3,0,0,7,0.10,0,12,0,303,1,4,0.02,0.12,10.39,90105,0.9
398,Anthony,Gordon,15,3,6,9,124,4.80,10,33,6,2428,0,28,8.19,12.99,32.62,232826,3.6
399,Lewis,Hall,15,2,7,11,102,3.73,8,31,0,2188,0,24,0.43,4.16,29.73,487838,3.8
400,Isaac,Hayden,15,3,0,0,0,0.00,0,0,0,0,0,0,0.00,0.00,0.00,153127,0.0
401,Alexander,Isak,15,4,6,36,211,3.59,12,41,23,2758,0,34,20.33,23.92,36.85,219168,6.2
402,Jacob,Murphy,15,3,13,11,159,6.14,11,31,8,2356,0,31,5.89,12.03,28.19,114243,4.5
403,Joelinton Cássio,Apolinário de Lira,15,3,4,11,99,2.17,10,32,4,2394,0,29,3.74,5.91,31.79,180974,3.4
404,Lloyd,Kelly,15,2,1,0,12,0.11,0,6,0,299,0,4,0.41,0.52,5.72,235530,1.2
405,Emil,Krafth,15,2,0,0,17,0.04,1,2,0,334,0,2,0.04,0.08,6.50,111773,1.4
406,Garang,Kuol,15,3,0,0,0,0.00,0,0,0,0,0,0,0.00,0.00,0.00,564510,0.0
407,Jamaal,Lascelles,15,2,0,0,0,0.00,0,0,0,0,0,0,0.00,0.00,0.00,101148,0.0
408,Jamal,Lewis,15,2,0,0,0,0.00,0,0,0,0,0,0,0.00,0.00,0.00,194799,0.0
409,Tino,Livramento,15,2,1,6,105,2.70,10,40,0,2835,0,32,0.33,3.03,37.83,441191,2.8
410,Sean,Longstaff,11,3,1,0,34,0.22,2,11,0,783,0,8,0.60,0.82,11.32,180135,1.4
411,Lewis,Miley,15,3,0,1,21,0.30,0,4,1,304,0,1,0.57,0.87,5.68,547719,1.5
412,Odysseas,Vlachodimos,15,1,0,0,0,0.00,0,0,0,0,0,0,0.00,0.00,0.00,111452,0.0
413,Nick,Pope,15,1,0,2,102,0.00,8,35,0,2520,0,28,0.00,0.00,34.94,98747,3.6
414,John,Ruddy,15,1,0,0,0,0.00,0,0,0,0,0,0,0.00,0.00,0.00,19236,0.0
415,Fabian,Schär,15,2,2,4,118,1.01,11,42,4,2935,1,33,3.94,4.95,37.26,119471,3.5
416,Matt,Targett,15,2,0,0,2,0.07,0,0,0,20,0,0,0.00,0.07,0.26,169359,1.0
417,Sandro,Tonali,15,3,2,10,106,2.77,11,34,4,2625,0,28,4.46,7.23,33.18,432422,2.9
418,Kieran,Trippier,15,2,3,8,72,1.44,6,18,0,1299,0,14,0.12,1.56,17.05,77794,2.9
419,Joe,White,15,3,0,0,0,0.00,0,0,0,0,0,0,0.00,0.00,0.00,461484,0.0
420,Joe,Willock,15,3,2,0,46,0.93,4,16,0,1065,0,11,1.65,2.58,15.01,200089,1.4
421,Callum,Wilson,15,4,0,0,19,0.09,0,7,0,355,0,2,0.36,0.45,6.07,75115,1.1
422,Ola,Aina,16,2,1,15,128,2.25,12,39,2,2996,0,35,0.63,2.88,40.59,159506,3.7
423,Elliot,Anderson,16,3,6,8,107,3.51,13,37,2,2726,0,33,2.04,5.55,40.36,215379,2.9
424,Taiwo,Awoniyi,16,4,0,0,32,0.12,1,10,1,398,0,3,2.15,2.27,6.65,210156,1.2
425,Willy,Boly,16,2,0,0,6,0.00,0,1,0,146,0,1,0.07,0.07,2.68,90585,1.0
426,Josh,Bowler,16,3,0,0,0,0.00,0,0,0,0,0,0,0.00,0.00,0.00,245830,0.0
427,Carlos Miguel,dos Santos Pereira,16,1,0,0,0,0.00,0,0,0,0,0,0,0.00,0.00,0.00,475123,0.0
428,Eric,da Silva Moreira,16,3,0,0,2,0.00,0,0,0,28,0,0,0.00,0.00,0.31,569014,1.0
429,Danilo,dos Santos de Oliveira,16,3,0,0,11,0.01,1,4,0,270,0,5,0.00,0.01,4.86,513046,1.4
430,Emmanuel,Dennis,16,4,0,0,0,0.00,0,0,0,0,0,0,0.00,0.00,0.00,230251,0.0
431,Nicolás,Domínguez,16,3,1,0,54,1.58,7,27,0,1954,0,23,1.58,3.16,31.90,250199,1.6
432,Anthony,Elanga,15,3,11,15,153,5.12,12,35,6,2496,0,31,4.81,9.93,38.74,449434,4.0
433,Morgan,Gibbs-White,16,3,11,18,154,4.68,13,34,7,2806,1,34,6.31,10.99,41.21,222531,4.5
434,Callum,Hudson-Odoi,16,3,3,7,103,2.54,11,23,5,2190,0,25,2.52,5.06,27.79,209046,3.3
435,Alex,Mighten,16,3,0,0,0,0.00,0,0,0,0,0,0,0.00,0.00,0.00,244930,0.0
436,Murillo,Costa dos Santos,16,2,0,18,130,1.15,12,44,2,3188,0,36,1.47,2.62,47.42,575476,3.6
437,Neco,Williams,16,2,3,8,109,1.54,10,31,1,2588,0,28,2.29,3.83,38.50,215136,3.1
438,Omar,Richards,16,2,0,0,0,0.00,0,0,0,0,0,0,0.00,0.00,0.00,204822,0.0
439,Lewis,O'Brien,16,3,0,0,0,0.00,0,0,0,0,0,0,0.00,0.00,0.00,243345,0.0
440,Andrew,Omobamidele,16,2,0,0,0,0.00,0,0,0,0,0,0,0.00,0.00,0.00,466404,0.0
441,Jonathan,Panzo,16,2,0,0,0,0.00,0,0,0,0,0,0,0.00,0.00,0.00,209035,0.0
442,Ibrahim,Sangaré,16,3,1,0,20,0.21,2,6,0,584,0,7,0.02,0.23,8.41,210462,1.5
443,Matz,Sels,16,1,1,11,150,0.26,13,46,0,3420,0,38,0.00,0.26,50.17,85633,3.9
444,Harry,Toffolo,16,2,0,0,4,0.01,0,2,0,135,0,1,0.02,0.03,2.88,114241,1.0
445,Matt,Turner,16,1,0,0,0,0.00,0,0,0,0,0,0,0.00,0.00,0.00,224068,0.0
446,Hwang,Ui-jo,16,4,0,0,0,0.00,0,0,0,0,0,0,0.00,0.00,0.00,201440,0.0
447,Chris,Wood,16,4,3,41,200,1.59,15,37,20,2958,0,35,13.42,15.01,40.64,60689,5.6
448,Joe,Worrall,3,2,0,0,0,0.00,0,0,0,0,0,0,0.00,0.00,0.00,208912,0.0
449,Ryan,Yates,16,3,2,3,67,0.47,6,27,2,1901,0,18,2.41,2.88,27.84,204968,1.9
450,Carlos,Alcaraz Durán,9,3,3,5,44,0.68,1,9,2,766,0,7,1.78,2.46,11.33,502697,2.8
451,Samuel,Amo-Ameyaw,17,3,0,0,1,0.13,0,0,0,26,0,0,0.02,0.15,1.11,499724,0.5
452,Joe,Aribo,17,3,0,7,72,1.23,1,56,3,2007,0,21,2.69,3.92,56.51,193204,2.2
453,Adam,Armstrong,17,4,3,2,45,0.56,2,35,2,1246,0,15,3.28,3.84,33.47,155511,2.2
454,Gavin,Bazunu,17,1,0,0,0,0.00,0,0,0,0,0,0,0.00,0.00,0.00,456350,0.0
455,Jan,Bednarek,17,2,0,3,60,0.84,3,57,2,2531,0,30,0.65,1.49,57.80,171771,2.0
456,Armel,Bella-Kotchap,17,2,0,0,2,0.01,0,13,0,329,0,2,0.32,0.33,10.67,477386,0.5
457,James,Bree,17,2,1,0,23,0.71,1,31,0,1070,0,13,0.11,0.82,32.05,184386,1.4
458,Shea,Charles,17,3,0,0,0,0.00,0,0,0,0,0,0,0.00,0.00,0.00,463210,0.0
459,Samuel,Edozie,17,3,0,0,1,0.15,0,0,0,64,0,0,0.00,0.15,0.31,490503,0.5
460,Ronnie,Edwards,17,2,0,0,1,0.00,0,1,0,12,0,0,0.00,0.00,0.32,500926,1.0
461,Taylor,Harwood-Bellis,17,2,0,2,55,0.68,3,65,1,2824,0,32,1.78,2.46,68.50,245719,1.6
462,Kamaldeen,Sulemana,17,3,2,2,53,0.85,3,36,1,1394,0,17,1.39,2.24,35.69,504783,2.0
463,Adam,Lallana,17,3,2,1,17,0.48,0,8,0,352,0,5,0.15,0.63,7.96,39155,1.2
464,Juan,Larios López,17,2,0,0,0,0.00,0,0,0,0,0,0,0.00,0.00,0.00,515571,0.0
465,Mateusz,Lis,17,1,0,0,0,0.00,0,0,0,0,0,0,0.00,0.00,0.00,200428,0.0
466,Joe,Lumley,17,1,0,0,8,0.00,0,7,0,270,0,3,0.00,0.00,9.40,167888,2.7
467,Ryan,Manning,17,2,2,0,34,2.80,1,35,0,1458,0,18,0.34,3.14,36.45,204863,1.4
468,Sékou,Mara,17,4,0,0,0,0.00,0,0,0,0,0,0,0.00,0.00,0.00,476888,0.0
469,Alex,McCarthy,17,1,0,0,12,0.00,0,13,0,450,0,5,0.00,0.00,11.22,58376,2.4
470,Paul,Onuachu,17,4,1,4,51,0.26,1,26,4,1038,0,11,3.61,3.87,24.35,147611,2.0
471,Will,Smallbone,17,3,0,0,26,0.89,0,22,1,679,0,6,0.57,1.46,19.73,214466,1.4
472,Jack,Stephens,17,2,0,2,31,0.26,2,31,1,1389,2,17,0.58,0.84,31.75,88900,1.6
473,Ross,Stewart,17,4,0,3,20,0.04,1,9,1,382,0,4,1.15,1.19,9.55,230348,1.7
474,Sugawara,Yukinari,17,2,1,0,43,2.47,2,46,1,1548,0,16,0.48,2.95,41.15,219279,1.4
475,Charlie,Taylor,17,2,0,0,6,0.14,0,12,0,353,0,3,0.00,0.14,9.81,103914,0.8
476,Kyle,Walker-Peters,19,2,3,3,54,2.30,2,77,0,2918,0,33,0.85,3.14,76.26,158534,0.0
477,Nathan,Wood-Gordon,17,2,0,2,14,0.04,1,20,0,771,0,9,0.23,0.27,21.73,244845,1.3
478,Ashley,Phillips,18,2,0,0,0,0.00,0,0,0,0,0,0,0.00,0.00,0.00,548308,0.0
479,Brandon,Austin,18,1,0,0,1,0.00,0,2,0,90,0,1,0.00,0.00,2.53,214572,1.0
480,Rodrigo,Bentancur,18,3,0,1,49,1.02,3,26,2,1640,0,21,1.36,2.38,26.87,202993,1.9
481,Lucas,Bergvall,18,3,2,0,44,0.82,3,25,0,1200,0,11,0.71,1.53,24.33,570526,1.6
482,Yves,Bissouma,18,3,0,4,50,0.48,3,28,2,1396,0,16,0.64,1.12,26.38,227127,1.8
483,Bryan,Gil Salvatierra,18,3,0,0,0,0.00,0,0,0,0,0,0,0.00,0.00,0.00,436234,0.0
484,Ben,Davies,18,2,0,0,28,0.50,3,26,0,1329,0,14,0.27,0.77,25.79,115556,1.6
485,Alfie,Devine,18,3,0,0,0,0.00,0,0,0,0,0,0,0.00,0.00,0.00,496179,0.0
486,Radu,Drăgușin,18,2,0,0,24,0.16,2,29,0,1250,0,14,0.13,0.29,28.59,493125,1.5
487,Emerson,Leite de Souza Junior,18,2,0,0,0,0.00,0,0,0,0,0,0,0.00,0.00,0.00,241157,0.0
488,Fraser,Forster,18,1,0,0,19,0.00,1,15,0,630,0,7,0.00,0.00,14.80,40383,2.7
489,Archie,Gray,18,3,0,0,45,0.19,2,41,0,1750,0,19,0.03,0.22,37.33,547701,1.6
490,Pierre-Emile,Højbjerg,18,3,0,0,0,0.00,0,0,0,0,0,0,0.00,0.00,0.00,132015,0.0
491,Brennan,Johnson,18,3,6,13,137,1.99,2,38,11,2171,0,24,10.75,12.74,38.88,242898,4.2
492,Dejan,Kulusevski,18,3,4,9,117,4.03,6,41,7,2386,0,27,4.06,8.09,42.39,445044,3.7
493,Giovani,Lo Celso,18,3,0,0,0,0.00,0,0,0,0,0,0,0.00,0.00,0.00,200826,0.0
494,James,Maddison,18,3,8,15,133,5.92,6,32,9,1799,0,21,5.54,11.46,32.39,172780,4.3
495,Pedro,Porro Sauceda,18,2,6,6,98,4.71,6,47,2,2606,0,28,1.63,6.34,49.37,441164,3.0
496,Sergio,Reguilón,18,2,0,0,2,0.24,0,3,0,194,0,1,0.12,0.36,2.47,199249,0.5
497,Richarlison,de Andrade,18,4,1,0,35,0.60,1,9,4,497,0,4,3.71,4.31,7.29,212319,2.3
498,Cristian,Romero,18,2,1,3,49,0.81,3,22,1,1416,0,18,1.52,2.33,19.31,221632,2.7
499,Pape Matar,Sarr,18,3,2,4,71,0.78,2,38,3,1901,0,22,3.72,4.50,36.38,482442,2.0
500,Dane,Scarlett,18,4,1,0,6,0.00,0,1,0,31,0,0,0.04,0.04,0.83,490145,2.0
501,Oliver,Skipp,11,3,0,0,27,0.32,3,26,0,1118,0,10,0.37,0.69,26.06,209042,1.1
502,Manor,Solomon,18,3,0,0,0,0.00,0,0,0,0,0,0,0.00,0.00,0.00,235674,0.0
503,Son,Heung-min,18,3,10,12,129,4.97,4,35,7,2106,0,24,7.25,12.22,37.99,85971,4.3
504,Djed,Spence,18,2,2,6,51,1.41,3,39,1,1790,1,19,0.58,1.99,34.79,232859,2.0
505,Destiny,Udogie,18,2,1,0,43,1.22,2,35,0,1923,0,24,0.31,1.53,33.28,487053,1.7
506,Micky,van de Ven,18,2,2,2,32,0.70,2,17,0,1014,0,12,0.54,1.24,13.28,491279,2.5
507,Alejo,Véliz,18,4,0,0,0,0.00,0,0,0,0,0,0,0.00,0.00,0.00,536908,0.0
508,Guglielmo,Vicario,18,1,0,2,66,0.00,4,37,0,2160,0,24,0.00,0.00,33.60,184254,2.8
509,Timo,Werner,18,3,3,2,34,1.55,1,12,0,504,0,4,1.04,2.59,11.41,165153,1.9
510,Alfie,Whiteman,18,1,0,0,0,0.00,0,0,0,0,0,0,0.00,0.00,0.00,175941,0.0
511,Edson,Álvarez Velázquez,19,3,1,0,40,0.89,3,31,0,1769,1,20,0.39,1.28,30.15,213999,1.4
512,Michail,Antonio,19,4,4,3,42,0.91,4,18,1,834,0,11,2.20,3.11,17.83,57531,3.0
513,Alphonse,Areola,19,1,0,1,69,0.00,4,41,0,2259,0,25,0.00,0.00,37.78,84182,2.7
514,Jarrod,Bowen,19,3,11,21,193,6.47,8,50,13,2974,0,34,8.60,15.07,51.12,178186,5.7
515,Maxwel,Cornet,19,3,0,0,1,0.00,0,4,0,71,0,1,0.16,0.16,1.79,149519,0.5
516,Vladimír,Coufal,19,2,0,1,27,0.89,2,21,0,1056,0,11,0.37,1.25,19.80,164555,1.2
517,Aaron,Cresswell,19,2,0,3,36,1.89,3,8,0,818,0,10,0.23,2.12,13.03,55459,2.0
518,Flynn,Downes,17,3,0,0,48,1.41,4,49,1,2149,0,25,0.64,2.05,48.11,220585,1.8
519,George,Earthy,19,3,0,0,0,0.00,0,0,0,0,0,0,0.00,0.00,0.00,490885,0.0
520,Emerson,Palmieri dos Santos,19,2,1,4,76,2.19,5,41,2,2108,0,26,1.95,4.14,37.51,109533,2.5
521,Łukasz,Fabiański,19,1,0,2,39,0.00,2,21,0,1160,0,13,0.00,0.00,22.78,37096,2.8
522,Wes,Foderingham,19,1,0,0,0,0.00,0,0,0,0,0,0,0.00,0.00,0.00,82143,0.0
523,Danny,Ings,19,4,3,4,32,0.06,0,4,1,270,0,1,2.25,2.31,4.89,84939,2.1
524,Maximilian,Kilman,19,2,1,5,82,1.19,6,62,0,3348,0,38,1.55,2.74,59.71,214048,2.2
525,Mohammed,Kudus,18,3,4,5,106,2.67,7,46,5,2589,1,31,6.97,9.64,43.46,460842,3.3
526,Luis Guilherme,Lira dos Santos,19,3,0,0,12,0.13,0,5,0,139,0,1,0.42,0.55,2.61,577114,1.0
527,Lucas,Tolentino Coelho de Lima,19,3,1,5,80,3.36,4,50,4,2374,0,27,5.36,8.72,43.32,224024,2.4
528,Konstantinos,Mavropanos,19,2,0,4,45,0.39,2,39,0,2035,1,21,1.61,2.00,37.11,233963,1.4
529,Nayef,Aguerd,19,2,0,0,0,0.00,0,0,0,0,0,0,0.00,0.00,0.00,210494,0.0
530,Tomáš,Souček,19,3,2,15,126,1.27,7,44,9,2563,0,30,6.60,7.87,44.29,215439,3.6
531,James,Ward-Prowse,19,3,2,2,51,2.68,5,18,1,1433,1,17,1.59,4.27,19.29,101178,2.1
532,Kurt,Zouma,19,2,0,0,0,0.00,0,0,0,0,0,0,0.00,0.00,0.00,103192,0.0
533,Rayan,Aït-Nouri,13,2,7,13,125,3.98,7,67,4,3112,1,37,2.69,6.67,53.27,448514,3.4
534,Boubacar,Traoré,20,3,0,0,1,0.00,0,0,0,1,0,0,0.00,0.00,0.00,476502,1.0
535,Jean-Ricner,Bellegarde,20,3,7,5,90,2.74,6,31,2,1666,0,20,1.46,4.20,26.55,231057,2.6
536,Daniel,Bentley,20,1,0,1,9,0.00,1,4,0,180,0,2,0.00,0.00,3.01,79602,4.5
537,Francisco Jorge,Tomás Oliveira,20,3,0,0,1,0.05,0,0,0,6,0,0,0.00,0.05,0.00,510363,1.0
538,Tawanda,Chirewa,20,3,0,0,0,0.00,0,0,0,0,0,0,0.00,0.00,0.00,497606,0.0
539,Leon,Chiwome,20,4,0,0,0,0.00,0,0,0,0,0,0,0.00,0.00,0.00,589507,0.0
540,Luke,Cundle,20,3,0,0,0,0.00,0,0,0,0,0,0,0.00,0.00,0.00,245923,0.0
541,Matheus,Santos Carneiro da Cunha,14,4,7,41,178,5.29,7,54,15,2596,0,29,8.73,14.02,44.53,430871,5.4
542,Craig,Dawson,20,2,1,1,17,0.07,1,25,0,969,0,10,0.50,0.57,18.56,60232,1.1
543,Matt,Doherty,20,2,1,4,75,1.24,6,38,2,2105,0,25,1.12,2.36,32.68,87835,2.5
544,Tommy,Doyle,20,3,1,0,28,0.35,0,10,0,474,0,3,0.55,0.90,10.16,220394,1.2
545,Fábio,Soares Silva,20,4,0,0,0,0.00,0,0,0,0,0,0,0.00,0.00,0.00,449988,0.0
546,Nathan,Fraser,20,4,0,0,0,0.00,0,0,0,0,0,0,0.00,0.00,0.00,531363,0.0
547,Enso,González Medina,20,3,0,0,0,0.00,0,0,0,0,0,0,0.00,0.00,0.00,593001,0.0
548,Gonçalo Manuel,Ganchinho Guedes,20,3,4,2,62,0.92,3,25,2,979,0,10,3.28,4.20,18.83,181284,2.1
549,Hugo,Bueno López,20,2,0,0,0,0.00,0,0,0,0,0,0,0.00,0.00,0.00,490721,0.0
550,Hwang,Hee-chan,20,3,1,0,37,0.35,0,19,2,646,0,5,0.79,1.14,12.57,184754,1.8
551,Joe,Hodge,20,3,0,0,0,0.00,0,0,0,0,0,0,0.00,0.00,0.00,240299,0.0
552,Ki-Jana,Hoever,20,2,0,0,0,0.00,0,0,0,0,0,0,0.00,0.00,0.00,441271,0.0
553,João Victor,Gomes da Silva,20,3,1,7,87,2.61,6,59,3,2975,1,35,2.94,5.55,49.50,448089,2.4
554,José,Malheiro de Sá,20,1,0,4,93,0.01,7,48,0,2610,0,29,0.00,0.01,42.22,149065,3.2
555,Saša,Kalajdžić,20,4,0,0,0,0.00,0,0,0,0,0,0,0.00,0.00,0.00,429414,0.0
556,Tom,King,20,1,0,0,1,0.00,0,0,0,1,0,0,0.00,0.00,0.14,138001,1.0
557,Mario,Lemina,20,3,3,5,47,0.87,1,39,1,1363,0,15,1.30,2.17,27.26,151086,2.8
558,Yerson,Mosquera Valdelamar,20,2,0,0,3,0.03,0,12,0,441,0,5,0.33,0.36,5.63,501837,0.6
559,Nélson,Cabral Semedo,20,2,4,0,84,1.71,8,49,0,2889,0,32,1.05,2.76,47.76,200402,2.5
560,Pedro,Lomba Neto,7,3,6,9,104,4.47,8,25,4,2262,0,24,3.48,7.95,27.98,247632,3.0
561,Pedro,Cardoso de Lima,20,2,0,0,2,0.10,0,2,0,69,0,1,0.06,0.16,0.77,641221,0.7
562,Daniel,Castelo Podence,20,3,0,0,2,0.01,0,2,0,46,0,0,0.04,0.05,0.70,200600,1.0
563,Rodrigo,Martins Gomes,20,3,0,0,42,0.87,1,20,2,794,0,7,0.72,1.59,16.09,483081,1.7
564,Santiago,Ignacio Bueno,20,2,0,2,52,0.10,5,34,0,1678,0,18,0.45,0.55,29.40,231480,1.8
565,Pablo,Sarabia,20,3,2,3,50,1.90,1,17,3,800,0,7,2.88,4.78,15.78,88484,2.2
566,Jørgen,Strand Larsen,20,4,4,17,145,1.00,7,52,14,2587,0,30,10.14,11.14,43.94,247412,4.1
567,Toti,Gomes,20,2,1,8,79,0.60,8,45,0,2613,0,30,0.73,1.33,41.65,510362,2.5
568,Arijanet,Muric,10,1,0,5,49,0.01,1,33,0,1620,0,18,0.00,0.01,36.12,232917,2.7
569,Jaden,Philogene,10,3,0,3,37,0.34,2,22,2,796,1,7,2.43,2.77,14.41,481624,1.8
570,Abdul,Fatawu,11,3,2,3,26,1.42,0,14,0,576,0,6,0.41,1.83,11.00,531442,2.4
571,Sávio,Moreira de Oliveira,13,3,11,15,106,6.10,8,25,1,1760,0,21,5.02,11.12,21.39,510281,3.7
572,Leny,Yoro,14,2,0,0,22,0.15,1,24,0,1160,0,12,0.70,0.85,19.35,550864,1.0
573,Miodrag,Pivaš,15,2,0,0,0,0.00,0,0,0,0,0,0,0.00,0.00,0.00,578512,0.0
574,Nikola,Milenković,16,2,2,2,145,0.73,13,45,5,3330,0,37,4.05,4.78,48.95,227444,3.9
575,Caleb,Wiley,6,2,0,0,0,0.00,0,0,0,0,0,0,0.00,0.00,0.00,488464,0.0
576,Andy,Irving,19,3,0,0,9,0.12,0,4,0,161,0,1,0.13,0.25,4.48,229384,0.9
577,Jesper,Lindstrøm,8,3,1,0,44,1.96,6,14,0,1229,0,15,2.15,4.11,13.37,463903,1.8
578,Riccardo,Calafiori,1,2,1,1,39,0.69,1,12,2,978,0,11,0.86,1.55,10.28,466075,2.1
579,Ryan,Sessegnon,10,2,2,5,57,1.12,1,10,4,574,0,7,1.64,2.76,8.20,184349,3.6
580,Dean,Huijsen,3,2,2,14,104,1.57,7,31,3,2422,0,26,1.82,3.39,37.44,554605,3.2
581,Filip,Jörgensen,7,1,0,0,18,0.00,1,9,0,540,0,6,0.00,0.00,8.83,508479,3.0
582,Jake,O'Brien,9,2,0,5,65,0.31,5,17,2,1568,0,17,0.77,1.08,18.63,512462,3.2
583,Conor,Townsend,10,2,1,0,11,0.24,0,6,0,334,0,3,0.03,0.27,8.13,108053,1.8
584,Ben,Brereton Díaz,17,3,0,0,13,0.15,0,10,0,446,0,4,0.90,1.05,11.43,204814,1.3
585,Ismaïla,Sarr,8,3,7,14,149,6.82,10,39,8,2708,0,30,10.82,17.64,38.63,232185,3.9
586,Jorge,Cuenca Barreno,10,2,0,0,9,0.01,0,8,0,349,0,4,0.02,0.03,8.99,246301,1.1
587,Crysencio,Summerville,19,3,1,2,33,1.71,2,20,1,776,0,7,1.61,3.32,17.58,450070,1.7
588,Guido,Rodríguez,19,3,1,0,36,0.17,4,19,0,1147,0,16,0.22,0.39,20.67,197024,1.6
589,Niclas,Füllkrug,19,4,2,3,42,0.47,2,18,3,783,0,6,2.14,2.61,14.22,91889,2.3
590,William,Osula,15,4,0,1,19,0.05,0,3,1,124,0,0,0.16,0.21,3.18,538207,1.4
591,Jean-Clair,Todibo,19,2,0,1,54,0.06,5,33,0,1824,0,20,0.36,0.42,29.86,462116,2.0
592,Julián,Araujo Zúñiga,4,2,0,0,12,0.10,0,10,0,492,0,7,0.00,0.10,9.69,436893,1.0
593,Matthijs,de Ligt,14,2,0,3,68,0.25,4,36,2,2119,0,25,2.48,2.73,38.53,209365,2.3
594,Noussair,Mazraoui,14,2,1,5,88,1.87,7,43,0,2836,0,34,0.69,2.56,46.26,230001,2.4
595,Myles,Lewis-Skelly,1,3,0,0,37,0.51,5,16,1,1362,2,15,0.16,0.67,16.65,499169,1.6
596,Lamare,Bogarde,2,2,0,0,6,0.13,0,11,0,473,0,5,0.04,0.17,9.28,515597,0.8
597,Will,Dennis,4,1,0,0,0,0.00,0,0,0,0,0,0,0.00,0.00,0.00,444172,0.0
598,Ryan,Trevitt,5,3,0,0,1,0.00,0,0,0,3,0,0,0.00,0.00,0.00,591357,1.0
599,Brajan,Gruda,6,3,4,1,45,1.93,1,15,1,676,0,8,1.15,3.08,12.66,513433,2.1
600,Yasin,Ayari,6,3,1,3,74,2.62,7,28,2,1958,0,22,2.51,5.13,30.15,509416,2.2
601,Andrew,Moran,6,3,0,0,0,0.00,0,0,0,0,0,0,0.00,0.00,0.00,513834,0.0
602,Harrison,Armstrong,9,3,0,0,2,0.00,0,1,0,47,0,0,0.37,0.37,0.45,609873,0.7
603,Josh,King,10,3,0,0,10,0.67,1,0,0,126,0,1,0.28,0.95,0.74,577725,1.2
604,Martial,Godo,10,3,0,0,2,0.07,0,0,0,21,0,0,0.00,0.07,0.15,573062,1.0
605,Will,Alves,11,3,0,0,1,0.00,0,0,0,1,0,0,0.00,0.00,0.00,532534,1.0
606,Nico,O'Reilly,13,3,0,4,31,0.68,3,3,2,525,0,6,1.28,1.96,5.49,472769,3.4
607,João Pedro,Ferreira da Silva,16,3,2,0,52,1.87,1,16,3,835,0,5,2.13,4.00,12.56,510500,1.7
608,Tyler,Dibling,17,3,2,4,68,1.47,3,50,2,1863,0,20,2.60,4.07,49.16,496661,2.1
609,Will,Lankshear,18,4,0,0,3,0.00,0,0,0,10,0,0,0.00,0.00,0.02,552427,1.0
610,Mikey,Moore,18,3,2,0,19,0.56,0,5,0,359,0,3,0.20,0.76,6.87,499721,1.9
611,Sam,Szmodics,10,3,0,2,54,0.45,2,18,4,988,0,13,3.44,3.89,23.27,172453,2.7
612,Wilson,Odobert,18,3,0,3,34,0.76,1,20,1,843,0,9,1.63,2.39,16.29,550839,2.1
613,Toby,Collyer,14,3,0,0,6,0.37,0,2,0,174,0,0,0.08,0.45,3.09,490881,1.0
614,Carl,Rushworth,6,1,0,0,0,0.00,0,0,0,0,0,0,0.00,0.00,0.00,472739,0.0
615,Jenson,Metcalfe,9,3,0,0,0,0.00,0,0,0,0,0,0,0.00,0.00,0.00,491557,0.0
616,Ben,Nelson,11,2,0,0,0,0.00,0,0,0,0,0,0,0.00,0.00,0.00,501770,0.0
617,Francisco Evanilson,de Lima Barbosa,4,4,5,20,128,1.74,11,30,10,2317,1,28,12.47,14.21,26.78,444102,4.1
618,Georginio,Rutter,6,3,6,1,95,1.67,6,29,5,1651,0,19,4.57,6.24,27.90,463067,3.4
619,Jens,Cajuste,10,3,1,2,63,0.73,1,46,1,1960,0,25,0.68,1.41,43.97,454667,2.1
620,Ramón,Sosa,16,3,0,0,25,0.36,1,5,1,280,0,1,1.11,1.47,4.81,502222,1.3
621,João,Félix Sequeira,6,3,2,0,24,0.45,1,4,1,362,0,3,2.30,2.75,5.96,428399,2.0
622,Sander,Berge,10,3,0,2,53,0.63,4,35,0,2221,0,26,0.45,1.08,30.81,207189,1.7
623,Mateus Gonçalo,Espanha Fernandes,17,3,4,8,95,3.62,5,66,2,2911,0,34,4.12,7.74,70.78,551226,2.6
624,Asmir,Begovic,8,1,0,0,0,0.00,0,0,0,0,0,0,0.00,0.00,0.00,40349,0.0
625,İlkay,Gündoğan,13,3,7,5,97,4.43,10,28,1,2218,0,25,3.21,7.63,35.69,59859,2.9
626,Roman,Dixon,9,2,0,0,0,0.00,0,4,0,90,0,1,0.00,0.00,2.43,496178,0.0
627,Issa,Kaboré,13,2,0,0,0,0.00,0,0,0,0,0,0,0.00,0.00,0.00,476369,0.0
628,Ferdi,Kadıoğlu,6,2,0,0,19,0.31,2,8,1,385,0,5,0.44,0.75,9.44,231416,3.2
629,Matt,O'Riley,6,3,3,2,50,2.04,2,20,2,929,0,11,2.76,4.80,14.27,219249,2.4
630,Dara,O'Shea,10,2,2,1,49,0.67,2,75,0,3122,0,35,1.29,1.96,67.13,216616,1.4
631,Jack,Clarke,10,3,4,0,53,1.11,1,31,0,1161,0,12,1.17,2.28,27.25,443261,1.7
632,Chiedozie,Ogbene,10,3,0,0,7,0.05,0,3,0,237,0,3,0.00,0.05,2.36,229164,1.4
633,Mikel,Merino Zazón,1,3,2,8,92,1.18,4,17,7,1575,1,17,5.75,6.93,15.71,195384,3.3
634,Gustavo,Nunes Fernandes Gomes,5,3,0,0,3,0.00,0,2,0,11,0,0,0.00,0.00,0.35,626464,1.0
635,Bilal,El Khannouss,11,3,4,6,83,2.85,3,54,2,2179,0,27,1.29,4.14,48.23,513527,2.6
636,Federico,Chiesa,12,3,0,0,7,0.15,0,3,0,103,0,1,0.34,0.49,2.80,223541,1.2
637,Bastien,Meupiyou Menadjou,20,2,0,0,0,0.00,0,0,0,0,0,0,0.00,0.00,0.00,560248,0.0
638,Salah-Eddine,Oulad M'hand,1,3,0,0,0,0.00,0,0,0,0,0,0,0.00,0.00,0.00,498046,0.0
639,Tommy,Setford,1,1,0,0,0,0.00,0,0,0,0,0,0,0.00,0.00,0.00,551221,0.0
640,Sil,Swinkels,2,2,0,0,0,0.00,0,0,0,0,0,0,0.00,0.00,0.00,514287,0.0
641,Oliwier,Zych,2,1,0,0,0,0.00,0,0,0,0,0,0,0.00,0.00,0.00,516159,0.0
642,Kaelan,Casey,19,2,0,0,1,0.00,0,0,0,1,0,0,0.00,0.00,0.09,518438,1.0
643,André,Trindade da Costa Neto,20,3,0,1,61,0.52,7,46,0,2472,0,31,0.41,0.93,40.79,509291,1.8
644,Franco,Umeh-Chibueze,8,3,0,0,0,0.00,0,0,0,0,0,0,0.00,0.00,0.00,574398,0.0
645,Justin,Devenny,8,3,1,1,34,0.41,0,8,1,494,0,4,0.77,1.18,9.30,489706,1.5
646,Asher,Agbinone,8,3,0,0,2,0.01,0,0,0,4,0,0,0.02,0.03,0.00,579075,1.0
647,Kaden,Rodney,8,3,0,0,0,0.00,0,0,0,0,0,0,0.00,0.00,0.00,530318,0.0
648,Ethan,Wheatley,14,4,0,0,0,0.00,0,0,0,0,0,0,0.00,0.00,0.00,575034,0.0
649,Jayden,Meghoma,5,2,0,0,1,0.00,0,0,0,4,0,0,0.00,0.00,0.14,499717,1.0
650,Maxence,Lacroix,8,2,2,9,114,1.01,11,45,1,3116,0,35,3.50,4.51,44.59,437499,3.3
651,Orel,Mangala,8,3,0,0,39,0.59,5,10,1,1257,0,14,1.13,1.72,16.64,179519,2.1
652,Manuel,Ugarte Ribeiro,14,3,2,1,49,0.67,4,33,1,1777,0,22,1.00,1.67,29.54,232112,1.7
653,Felipe,Rodrigues da Silva,16,2,0,2,36,0.03,3,14,0,891,0,6,0.18,0.21,14.21,485047,1.4
654,Carlos,Soler,19,3,1,2,47,1.93,2,25,1,1394,0,14,1.85,3.78,28.62,224860,1.5
655,Carlos Roberto,Forbs Borges,20,3,0,0,9,0.10,0,9,0,236,0,1,0.15,0.25,8.09,463212,0.9
656,Kadan,Young,2,3,0,0,0,0.00,0,0,0,0,0,0,0.00,0.00,0.00,537403,0.0
657,Maldini,Kacurri,1,2,0,0,0,0.00,0,0,0,0,0,0,0.00,0.00,0.00,588793,0.0
658,Ayden,Heaven,14,2,0,2,10,0.01,1,1,0,169,0,2,0.12,0.13,1.69,606745,2.5
659,Ismeal,Kabia,1,3,0,0,0,0.00,0,0,0,0,0,0,0.00,0.00,0.00,588796,0.0
660,Tony,Yogane,4,3,0,0,0,0.00,0,0,0,0,0,0,0.00,0.00,0.00,592662,0.0
661,Vítezslav,Jaros,12,1,0,0,1,0.00,0,0,0,11,0,0,0.00,0.00,0.14,432987,1.0
662,Josh,Nichols,1,2,0,0,0,0.00,0,0,0,0,0,0,0.00,0.00,0.00,499167,0.0
663,Imari,Samuels,5,2,0,0,0,0.00,0,0,0,0,0,0,0.00,0.00,0.00,447720,0.0
664,Alfie,Pond,20,2,0,0,1,0.00,0,0,0,1,0,0,0.00,0.00,0.00,517179,1.0
665,Nathan,Butler-Oyedeji,1,4,0,0,1,0.00,0,0,0,6,0,0,0.07,0.07,0.04,461025,1.0
666,Caleb,Kporha,8,2,0,0,2,0.02,0,1,0,11,0,0,0.00,0.02,0.06,590012,1.0
667,Jack,Fletcher,14,3,0,0,0,0.00,0,0,0,0,0,0,0.00,0.00,0.00,547037,0.0
668,Killian,Cahill,5,1,0,0,0,0.00,0,0,0,0,0,0,0.00,0.00,0.00,565858,0.0
669,Harvey,Davies,12,1,0,0,0,0.00,0,0,0,0,0,0,0.00,0.00,0.00,464353,0.0
670,Harry,Amass,14,2,0,0,4,0.07,0,9,0,345,0,4,0.07,0.14,6.30,577974,0.8
671,Jacob,Wright,13,3,0,0,0,0.00,0,0,0,0,0,0,0.00,0.00,0.00,516250,0.0
672,Jahmai,Simpson-Pusey,13,2,0,0,1,0.01,0,2,0,95,0,1,0.00,0.01,2.37,554194,0.5
673,Jayce,Fitzgerald,14,3,0,0,0,0.00,0,0,0,0,0,0,0.00,0.00,0.00,556639,0.0
674,Paris,Maghoma,5,3,0,0,8,0.04,0,1,0,112,0,0,0.12,0.16,1.89,220695,1.0
675,Zach,Marsh,8,4,0,0,0,0.00,0,0,0,0,0,0,0.00,0.00,0.00,576980,0.0
676,Callum,Bates,9,3,0,0,0,0.00,0,0,0,0,0,0,0.00,0.00,0.00,547801,0.0
677,Josh,Wilson-Esbrand,13,2,0,0,0,0.00,0,0,0,0,0,0,0.00,0.00,0.00,447880,0.0
678,Ollie,Scarles,19,2,0,2,29,0.18,2,9,0,659,0,7,0.11,0.29,10.12,536109,1.9
679,Ben,Broggio,2,3,0,0,0,0.00,0,0,0,0,0,0,0.00,0.00,0.00,577731,0.0
680,Max,Kinsey,3,2,0,0,0,0.00,0,0,0,0,0,0,0.00,0.00,0.00,496683,0.0
681,Ruairi,McConville,5,2,0,0,0,0.00,0,0,0,0,0,0,0.00,0.00,0.00,539721,0.0
682,Callum,Olusesi,18,3,0,0,0,0.00,0,0,0,0,0,0,0.00,0.00,0.00,499726,0.0
683,Malachi,Hardy,18,2,0,0,0,0.00,0,0,0,0,0,0,0.00,0.00,0.00,611920,0.0
684,Tom,Edozie,20,3,0,0,0,0.00,0,0,0,0,0,0,0.00,0.00,0.00,596054,0.0
685,Jacob,Slater,6,2,0,0,0,0.00,0,0,0,0,0,0,0.00,0.00,0.00,589100,0.0
686,Ben,Winterburn,4,3,0,0,4,0.00,0,0,0,22,0,0,0.00,0.00,0.16,606775,1.0
687,Ezra,Mayers,19,2,0,0,0,0.00,0,0,0,0,0,0,0.00,0.00,0.00,602903,0.0
688,Samuel,Amissah,10,2,0,0,0,0.00,0,0,0,0,0,0,0.00,0.00,0.00,591385,0.0
689,Trey,Nyoni,12,3,0,0,0,0.00,0,0,0,0,0,0,0.00,0.00,0.00,591386,0.0
690,Luca,Williams-Barnett,18,3,0,0,0,0.00,0,0,0,0,0,0,0.00,0.00,0.00,611917,0.0
691,Amara,Nallo,12,2,0,0,0,0.00,0,0,0,0,0,0,0.00,0.00,0.00,611926,0.0
692,Godwill,Kukonki,14,2,0,0,0,0.00,0,0,0,0,0,0,0.00,0.00,0.00,576637,0.0
693,Joseph,O'Brien-Whitmarsh,17,3,0,0,0,0.00,0,0,0,0,0,0,0.00,0.00,0.00,545508,0.0
694,Henry,Cartwright,11,3,0,0,0,0.00,0,0,0,0,0,0,0.00,0.00,0.00,531997,0.0
695,Samuel,Rak-Sakyi,6,3,0,0,0,0.00,0,0,0,0,0,0,0.00,0.00,0.00,547692,0.0
696,Tyrique,George,7,3,1,0,17,0.26,1,0,1,177,0,1,0.20,0.46,1.41,550615,2.1
697,Josh,Acheampong,7,2,0,0,4,0.01,0,3,0,168,0,2,0.22,0.23,2.09,577016,1.0
698,Divin,Mubama,13,4,0,0,1,0.00,0,0,0,27,0,0,0.04,0.04,0.02,487837,1.0
699,Alfie,Dorrington,18,2,0,0,1,0.00,0,0,0,13,0,0,0.00,0.00,0.04,519321,1.0
700,Maeson,King,18,2,0,0,0,0.00,0,0,0,0,0,0,0.00,0.00,0.00,592736,0.0
701,Lewis,Orford,19,3,0,0,2,0.04,0,1,0,47,0,0,0.03,0.07,1.23,518442,1.0
702,Archie,Harris,3,2,0,0,0,0.00,0,0,0,0,0,0,0.00,0.00,0.00,632822,0.0
703,Max,Alleyne,13,2,0,0,0,0.00,0,0,0,0,0,0,0.00,0.00,0.00,494307,0.0
704,Spike,Brits,13,1,0,0,0,0.00,0,0,0,0,0,0,0.00,0.00,0.00,613120,0.0
705,Benjamin,Arthur,5,2,0,0,0,0.00,0,0,0,0,0,0,0.00,0.00,0.00,622536,0.0
706,Remy,Rees-Dottin,3,4,0,0,1,0.00,0,0,0,1,0,0,0.00,0.00,0.00,606774,1.0
707,Thomas,Wilson-Brown,11,2,0,0,0,0.00,0,0,0,0,0,0,0.00,0.00,0.00,532535,0.0
708,Jayden,Danns,12,4,0,0,1,0.01,0,1,0,10,0,0,0.00,0.01,0.45,500058,1.0
709,Zach,Abbott,16,2,0,0,0,0.00,0,0,0,0,0,0,0.00,0.00,0.00,549067,0.0
710,Jamaldeen,Jimoh-Aloba,2,3,0,0,0,0.00,0,0,0,0,0,0,0.00,0.00,0.00,559962,0.0
711,Wes,Okoduwa,20,2,0,0,0,0.00,0,0,0,0,0,0,0.00,0.00,0.00,613467,0.0
712,Matai,Akinmboni,4,2,0,0,0,0.00,0,0,0,0,0,0,0.00,0.00,0.00,541462,0.0
713,Julio,Soler Barreto,4,2,0,0,3,0.00,0,1,0,9,0,0,0.00,0.00,0.08,575901,1.0
714,Diego,Gómez Amarilla,6,3,1,2,30,1.16,0,13,1,507,0,4,0.82,1.98,9.28,514254,1.9
715,Ben,Godfrey,10,2,0,0,-1,0.02,0,10,0,158,0,2,0.00,0.02,6.22,198826,-0.3
716,Welington Damascena,Santos,17,2,0,0,14,0.16,1,10,0,478,0,6,0.04,0.20,11.63,500016,1.4
717,Antonín,Kinský,18,1,0,0,17,0.01,1,11,0,540,0,6,0.00,0.01,11.80,485055,2.8
718,Yang,Min-hyeok,18,3,0,0,0,0.00,0,0,0,0,0,0,0.00,0.00,0.00,623095,0.0
719,Joachim,Kayi-Sanda,17,2,0,0,2,0.00,0,1,0,12,0,0,0.00,0.00,0.22,620408,1.0
720,Emmanuel,Agbadou,20,2,0,1,45,0.32,4,22,1,1410,0,16,0.90,1.22,23.12,516939,2.8
721,Wayne,Hennessey,16,1,0,0,0,0.00,0,0,0,0,0,0,0.00,0.00,0.00,20066,0.0
722,Daniel,Adu-Adjei,4,4,0,0,0,0.00,0,0,0,0,0,0,0.00,0.00,0.00,590760,0.0
723,Dominic,Sadi,4,3,0,0,0,0.00,0,0,0,0,0,0,0.00,0.00,0.00,550596,0.0
724,Martin,Sherif,9,4,0,0,0,0.00,0,0,0,0,0,0,0.00,0.00,0.00,536241,0.0
725,Donyell,Malen,2,3,0,3,34,0.15,0,6,3,296,0,2,2.15,2.30,4.77,204646,2.4
726,Woyo,Coulibaly,11,2,0,0,1,0.04,0,6,0,107,0,1,0.04,0.08,2.48,488439,0.2
727,Callan,McKenna,4,1,0,0,0,0.00,0,0,0,0,0,0,0.00,0.00,0.00,568791,0.0
728,Zain,Silcott-Duberry,4,3,0,0,1,0.00,0,0,0,1,0,0,0.00,0.00,0.04,530121,1.0
729,Damola,Ajayi,18,3,0,0,0,0.00,0,0,0,0,0,0,0.00,0.00,0.00,574799,0.0
730,Romain,Esse,8,3,2,3,22,0.39,0,3,1,138,0,1,0.32,0.71,2.15,606921,3.1
731,Andrés,García,2,2,0,0,8,0.49,0,5,0,316,0,5,0.04,0.53,6.49,606798,1.1
732,Abdukodir,Khusanov,13,2,0,0,14,0.09,2,6,0,503,0,6,0.02,0.11,6.98,578153,2.3
733,Vitor,de Oliveira Nunes dos Reis,13,2,0,0,1,0.00,0,0,0,1,0,0,0.00,0.00,0.00,616222,1.0
734,Albert,Grønbæk,17,3,0,0,6,0.01,0,3,0,141,0,2,0.12,0.13,5.10,494779,1.5
735,Omar,Marmoush,13,4,1,12,73,1.71,8,12,7,1174,0,14,5.41,7.12,14.48,438234,4.6
736,Jack,Porter,1,1,0,0,0,0.00,0,0,0,0,0,0,0.00,0.00,0.00,616059,0.0
737,Michael,Kayode,5,2,1,0,27,0.70,2,5,0,523,0,6,0.19,0.89,6.66,607464,2.2
738,Joe,Knight,6,3,0,0,0,0.00,0,0,0,0,0,0,0.00,0.00,0.00,567121,0.0
739,Julian,Eyestone,5,1,0,0,0,0.00,0,0,0,0,0,0,0.00,0.00,0.00,535017,0.0
740,Elyh,Harrison,14,1,0,0,0,0.00,0,0,0,0,0,0,0.00,0.00,0.00,588555,0.0
741,Dante,Cassanova,18,2,0,0,0,0.00,0,0,0,0,0,0,0.00,0.00,0.00,501620,0.0
742,Marco,Asensio,2,3,2,6,44,1.16,3,8,3,740,0,9,4.43,5.59,11.11,174292,3.4
743,Eiran,Cashin,6,2,0,0,1,0.00,0,2,0,19,0,0,0.00,0.00,0.44,439135,0.5
744,Alex,Palmer,10,1,0,0,22,0.00,0,30,0,1170,0,13,0.00,0.00,24.64,112520,1.7
745,Nico,González Iglesias,13,3,1,0,31,0.48,6,7,1,760,0,9,0.45,0.93,8.99,465694,2.8
746,Patrick,Dorgu,14,2,0,1,18,1.27,2,12,0,840,1,10,0.43,1.70,10.26,596777,1.5
747,Kevin,Danso,18,2,0,0,16,0.12,1,18,0,842,0,9,0.40,0.52,17.19,135720,1.6
748,Mathys,Tel,18,3,2,2,42,1.55,2,20,2,908,0,11,2.96,4.51,17.39,511499,3.2
749,Nasser,Djiga,20,2,0,0,4,0.01,0,2,0,65,0,1,0.00,0.01,1.23,531170,0.8
750,Marshall,Munetsi,20,3,2,4,50,1.08,5,11,2,1077,0,12,3.32,4.39,14.59,433312,3.6
751,Mathis,Amougou,6,3,0,0,1,0.00,0,0,0,7,0,0,0.00,0.00,0.00,609640,1.0
752,Willian,Borges da Silva,9,3,0,0,13,0.72,1,3,0,251,0,2,0.28,1.00,4.45,47431,1.3
753,Isaac,Heath,9,3,0,0,0,0.00,0,0,0,0,0,0,0.00,0.00,0.00,496279,0.0
754,Aarón,Anselmino,7,2,0,0,0,0.00,0,0,0,0,0,0,0.00,0.00,0.00,622758,0.0
755,Coby,Ebere,9,3,0,0,0,0.00,0,0,0,0,0,0,0.00,0.00,0.00,504296,0.0
756,Chido,Obi,14,4,0,0,7,0.03,0,5,0,160,0,1,0.66,0.69,3.70,596047,1.0
757,Tyler,Fredricson,14,2,0,0,2,0.02,0,5,0,166,0,2,0.00,0.02,2.94,547676,1.0
758,Jack,Moorhouse,14,3,0,0,0,0.00,0,0,0,0,0,0,0.00,0.00,0.00,559684,0.0
759,Sékou,Koné,14,3,0,0,0,0.00,0,0,0,0,0,0,0.00,0.00,0.00,618873,0.0
760,Iwan,Morgan,5,4,0,0,0,0.00,0,0,0,0,0,0,0.00,0.00,0.00,533710,0.0
761,Shumaira,Mheuka,6,4,0,0,1,0.00,0,0,0,1,0,0,0.06,0.06,0.00,567119,1.0
762,Ishé,Samuels-Smith,6,2,0,0,0,0.00,0,0,0,0,0,0,0.00,0.00,0.00,536238,0.0
763,Hubert,Graczyk,14,1,0,0,0,0.00,0,0,0,0,0,0,0.00,0.00,0.00,439483,0.0
764,Mateus,Mané,20,4,0,0,1,0.00,0,0,0,1,0,0,0.00,0.00,0.00,647671,1.0
765,Claudio,Echeverri,13,3,0,0,1,0.01,0,0,0,5,0,0,0.00,0.01,0.45,575204,1.0
766,Benjamin,Fredrick,5,2,0,0,0,0.00,0,0,0,0,0,0,0.00,0.00,0.00,612534,0.0
767,Genesis,Antwi,6,2,0,0,0,0.00,0,0,0,0,0,0,0.00,0.00,0.00,591382,0.0
768,Dermot,Mee,14,1,0,0,0,0.00,0,0,0,0,0,0,0.00,0.00,0.00,461537,0.0
769,Sean,Neave,15,4,0,0,0,0.00,0,0,0,0,0,0,0.00,0.00,0.00,599303,0.0
770,Jimi,Gower,1,3,0,0,0,0.00,0,0,0,0,0,0,0.00,0.00,0.00,538182,0.0
771,Charlie,Tasker,6,2,0,0,0,0.00,0,0,0,0,0,0,0.00,0.00,0.00,547720,0.0
772,Jeremy,Monga,11,3,0,0,7,0.02,0,3,0,105,0,0,0.17,0.19,1.67,649208,1.0
773,Jack,Henry-Francis,1,3,0,0,0,0.00,0,0,0,0,0,0,0.00,0.00,0.00,514307,0.0
774,Freddie,Simmonds,5,2,0,0,0,0.00,0,0,0,0,0,0,0.00,0.00,0.00,604988,0.0
775,Harry,Howell,5,3,0,0,1,0.05,0,0,0,6,0,0,0.00,0.05,0.00,597320,1.0
776,Olabade,Aluko,11,2,0,0,1,0.00,0,0,0,1,0,0,0.00,0.00,0.04,619146,1.0
777,Jake,Evans,11,3,0,0,4,0.00,0,1,0,21,0,0,0.00,0.00,0.20,630664,1.0
778,Jay,Robinson,17,4,0,0,5,0.53,0,2,0,134,0,1,0.07,0.60,3.17,495024,1.2
779,Somto,Boniface,10,2,0,0,0,0.00,0,0,0,0,0,0,0.00,0.00,0.00,547693,0.0
780,Tom,Taylor,10,3,0,0,0,0.00,0,0,0,0,0,0,0.00,0.00,0.00,592712,0.0
781,Brayden,Clarke,1,2,0,0,0,0.00,0,0,0,0,0,0,0.00,0.00,0.00,563324,0.0
782,Reece,Welch,9,2,0,0,0,0.00,0,0,0,0,0,0,0.00,0.00,0.00,474907,0.0
783,Sammy,Braybrooke,11,3,0,0,0,0.00,0,0,0,0,0,0,0.00,0.00,0.00,519223,0.0
784,Jayden,Moore,17,2,0,0,0,0.00,0,0,0,0,0,0,0.00,0.00,0.00,494551,0.0
